[1,["c6/nmcdNhCZoZUiVAJ/3jZ","2a5K/PQOFPg6h/w/J8srGV@6c48a","4eLm/KnONAbqgdtfBWIWAH@6c48a","54ZEKNgZhKyJGy+IjcAfxx@6c48a","c4IUUqZNBPY6mKR9JHFBkZ@f9941","2a5K/PQOFPg6h/w/J8srGV@f9941","fe6zeKD+RIfp560Nt2BRON@f9941","54ZEKNgZhKyJGy+IjcAfxx@f9941","b2mtv8I5JOfalUC7sueh/y@f9941","cf0AZZpNtBb6L5S3oMM3hr@f9941","a8HJTXoB5M/rtsjvL0u2du","4eLm/KnONAbqgdtfBWIWAH@f9941","b2mtv8I5JOfalUC7sueh/y@6c48a","c4IUUqZNBPY6mKR9JHFBkZ@6c48a","cf0AZZpNtBb6L5S3oMM3hr@6c48a","fe6zeKD+RIfp560Nt2BRON@6c48a"],["node","_textureSource","_file","_spriteFrame","root","data"],["cc.SpriteFrame",["cc.Node",["_name","_layer","_active","_components","_prefab","_parent","_children"],0,9,4,1,2],["cc.ParticleSystem2D",["emissionRate","life","angleVar","startSize","startSizeVar","endSize","endSizeVar","startSpin","endSpin","speed","speedVar","tangentialAccel","_custom","_totalParticles","duration","radialAccel","_dstBlendFactor","lifeVar","angle","startSpinVar","node","__prefab","gravity","_endColor","_file","_spriteFrame","posVar","_startColor","_startColorVar","_endColorVar"],-17,1,4,5,5,6,6,5,5,5,5],["cc.Prefab",["_name"],2],["cc.UITransform",["node","__prefab"],3,1,4],["cc.CompPrefabInfo",["fileId"],2],["cc.PrefabInfo",["fileId","instance","targetOverrides","nestedPrefabInstanceRoots","root","asset"],-1,1,1],["cc.ParticleAsset",["_name","_native"],1]],[[5,0,2],[4,0,1,1],[6,0,1,2,3,4,5,5],[1,0,1,5,3,4,3],[2,14,0,1,2,3,4,5,6,7,8,9,10,11,15,12,13,20,21,26,22,23,24,25,17],[7,0,1,3],[3,0,2],[1,0,1,6,3,4,3],[1,0,2,1,5,3,4,4],[2,16,0,1,17,18,2,3,4,5,6,7,19,8,9,10,11,12,13,20,21,22,27,28,23,29,24,25,19]],[[[{"name":"effect_piece_green1","rect":{"x":0,"y":0,"width":30,"height":32},"offset":{"x":0,"y":0},"originalSize":{"width":30,"height":32},"rotated":false,"capInsets":[0,0,0,0],"vertices":{"rawPosition":[-15,-16,0,15,-16,0,-15,16,0,15,16,0],"indexes":[0,1,2,2,1,3],"uv":[0,32,30,32,0,0,30,0],"nuv":[0,0,1,0,0,1,1,1],"minPos":{"x":-15,"y":-16,"z":0},"maxPos":{"x":15,"y":16,"z":0}},"packable":true,"pixelsToUnit":100,"pivot":{"x":0.5,"y":0.5},"meshType":0}],[0],0,[0],[1],[1]],[[{"name":"stars","rect":{"x":0,"y":0,"width":64,"height":64},"offset":{"x":0,"y":0},"originalSize":{"width":64,"height":64},"rotated":false,"capInsets":[0,0,0,0],"vertices":{"rawPosition":[-32,-32,0,32,-32,0,-32,32,0,32,32,0],"indexes":[0,1,2,2,1,3],"uv":[0,64,64,64,0,0,64,0],"nuv":[0,0,1,0,0,1,1,1],"minPos":{"x":-32,"y":-32,"z":0},"maxPos":{"x":32,"y":32,"z":0}},"packable":true,"pixelsToUnit":100,"pivot":{"x":0.5,"y":0.5},"meshType":0}],[0],0,[0],[1],[2]],[[{"name":"effect_piece_yellow1","rect":{"x":0,"y":0,"width":28,"height":32},"offset":{"x":0,"y":0},"originalSize":{"width":28,"height":32},"rotated":false,"capInsets":[0,0,0,0],"vertices":{"rawPosition":[-14,-16,0,14,-16,0,-14,16,0,14,16,0],"indexes":[0,1,2,2,1,3],"uv":[0,32,28,32,0,0,28,0],"nuv":[0,0,1,0,0,1,1,1],"minPos":{"x":-14,"y":-16,"z":0},"maxPos":{"x":14,"y":16,"z":0}},"packable":true,"pixelsToUnit":100,"pivot":{"x":0.5,"y":0.5},"meshType":0}],[0],0,[0],[1],[3]],[[[6,"particle"],[7,"particle",33554432,[-3,-4,-5,-6,-7,-8,-9],[[1,-2,[0,"2aQt9ZZA5HGp8jaFaUD3Ag"]]],[2,"9f4rt9LGZJmbRLhnLGA+aH",null,null,null,-1,0]],[3,"0",33554432,1,[[1,-10,[0,"3eh4peBQVF354gEMsO/MBF"]],[4,0.3,30,1.2,25,15,20,20,15,-360,329,445,0,20,20,true,24,-11,[0,"66f5eSN2hC9INkKgkHj50i"],[0,40,40],[0,0,-3100],[4,4294967295],0,1]],[2,"07EUkBcSVCs7vzmubYPqSl",null,null,null,1,0]],[3,"1",33554432,1,[[1,-12,[0,"19Wj3BY0hOlJgkfEOZ0cq9"]],[4,0.3,30,1.2,25,15,20,20,15,-360,329,445,0,20,20,true,24,-13,[0,"78cuZfARlOHr3XRQYiJ5Rv"],[0,40,40],[0,0,-3100],[4,4294967295],2,3]],[2,"8131V9rKFO+6u/J9btUsmn",null,null,null,1,0]],[3,"2",33554432,1,[[1,-14,[0,"8fTstNsu9FwKuq2s7fmpNY"]],[4,0.3,30,1.2,25,15,20,20,15,-360,329,445,0,20,20,true,24,-15,[0,"a7DJCzHGlGvLJwwYQst505"],[0,40,40],[0,0,-3100],[4,4294967295],4,5]],[2,"3497cYtrhEKLaflz1sVEjf",null,null,null,1,0]],[3,"3",33554432,1,[[1,-16,[0,"eeYVtCPmRAMbyVIC5ndlWL"]],[4,0.3,30,1.2,25,15,20,20,15,-360,329,445,0,20,20,true,24,-17,[0,"b5EWg96o1G4afKcWv1JKYr"],[0,40,40],[0,0,-3100],[4,4294967295],6,7]],[2,"4axP6rsbRF0paCkkX6d2FO",null,null,null,1,0]],[3,"4",33554432,1,[[1,-18,[0,"31VaoRHmRF57EvUmNcKHrt"]],[4,0.3,30,1.2,25,15,20,20,15,-360,329,445,0,20,20,true,24,-19,[0,"380rSfiGJAOKAUdsE3Bc/U"],[0,40,40],[0,0,-3100],[4,4294967295],8,9]],[2,"f40wpc8r5BNKpaK1bV2oaA",null,null,null,1,0]],[3,"5",33554432,1,[[1,-20,[0,"76SxUoOQVIq4zHRBjSiYHX"]],[4,0.3,30,1.2,25,15,20,20,15,-360,329,445,0,20,20,true,24,-21,[0,"73pqkktmNKy4JzN/f1BF4K"],[0,40,40],[0,0,-3100],[4,4294967295],10,11]],[2,"68TZaYRStLW7Y7RYa2CBdz",null,null,null,1,0]],[8,"move",false,33554432,1,[[1,-22,[0,"17IiC8uZRKd4Jwr8N9r/Ad"]],[9,1,200,0.5,1,-23,0,13,15,10,10,180,60,360,0,0,0,true,100,-23,[0,"23tmssCcJB8Lope8HZvabN"],[0,0,-50],[4,4281584895],[4,420223270],[4,4278190080],[4,4278190080],12,13]],[2,"d94GUD+VtAqLClJU7a0+pb",null,null,null,1,0]]],0,[0,4,1,0,0,1,0,-1,2,0,-2,3,0,-3,4,0,-4,5,0,-5,6,0,-6,7,0,-7,8,0,0,2,0,0,2,0,0,3,0,0,3,0,0,4,0,0,4,0,0,5,0,0,5,0,0,6,0,0,6,0,0,7,0,0,7,0,0,8,0,0,8,0,5,1,23],[0,0,0,0,0,0,0,0,0,0,0,0,0,0],[2,3,2,3,2,3,2,3,2,3,2,3,2,3],[0,4,0,5,0,6,0,7,0,8,0,9,10,11]],[[[5,"star",".plist"],-1],0,0,[],[],[]],[[{"name":"yellow_piece2","rect":{"x":0,"y":0,"width":28,"height":32},"offset":{"x":0,"y":0},"originalSize":{"width":28,"height":32},"rotated":false,"capInsets":[0,0,0,0],"vertices":{"rawPosition":[-14,-16,0,14,-16,0,-14,16,0,14,16,0],"indexes":[0,1,2,2,1,3],"uv":[0,32,28,32,0,0,28,0],"nuv":[0,0,1,0,0,1,1,1],"minPos":{"x":-14,"y":-16,"z":0},"maxPos":{"x":14,"y":16,"z":0}},"packable":true,"pixelsToUnit":100,"pivot":{"x":0.5,"y":0.5},"meshType":0}],[0],0,[0],[1],[12]],[[{"name":"effect_piece_red2","rect":{"x":0,"y":0,"width":31,"height":28},"offset":{"x":-0.5,"y":0},"originalSize":{"width":32,"height":28},"rotated":false,"capInsets":[0,0,0,0],"vertices":{"rawPosition":[-15.5,-14,0,15.5,-14,0,-15.5,14,0,15.5,14,0],"indexes":[0,1,2,2,1,3],"uv":[0,28,31,28,0,0,31,0],"nuv":[0,0,0.96875,0,0,1,0.96875,1],"minPos":{"x":-15.5,"y":-14,"z":0},"maxPos":{"x":15.5,"y":14,"z":0}},"packable":true,"pixelsToUnit":100,"pivot":{"x":0.5,"y":0.5},"meshType":0}],[0],0,[0],[1],[13]],[[[5,"particle_falling",".plist"],-1],0,0,[],[],[]],[[{"name":"effect_piece_pupple1","rect":{"x":0,"y":0,"width":30,"height":32},"offset":{"x":0,"y":0},"originalSize":{"width":30,"height":32},"rotated":false,"capInsets":[0,0,0,0],"vertices":{"rawPosition":[-15,-16,0,15,-16,0,-15,16,0,15,16,0],"indexes":[0,1,2,2,1,3],"uv":[0,32,30,32,0,0,30,0],"nuv":[0,0,1,0,0,1,1,1],"minPos":{"x":-15,"y":-16,"z":0},"maxPos":{"x":15,"y":16,"z":0}},"packable":true,"pixelsToUnit":100,"pivot":{"x":0.5,"y":0.5},"meshType":0}],[0],0,[0],[1],[14]],[[{"name":"effect_piece_blue1","rect":{"x":0,"y":0,"width":32,"height":31},"offset":{"x":0,"y":0},"originalSize":{"width":32,"height":31},"rotated":false,"capInsets":[0,0,0,0],"vertices":{"rawPosition":[-16,-15.5,0,16,-15.5,0,-16,15.5,0,16,15.5,0],"indexes":[0,1,2,2,1,3],"uv":[0,31,32,31,0,0,32,0],"nuv":[0,0,1,0,0,1,1,1],"minPos":{"x":-16,"y":-15.5,"z":0},"maxPos":{"x":16,"y":15.5,"z":0}},"packable":true,"pixelsToUnit":100,"pivot":{"x":0.5,"y":0.5},"meshType":0}],[0],0,[0],[1],[15]]]]
