[1,["a2KMgYykhO3Yed4F4LGvfF@f9941","58WZj5AAdD0YsyuORn4sAi@f9941","f59I0YsjdKVJ+apZRf1gzT@f9941","29x+MEJLdF77BbCUxl5+p4@6c48a","58WZj5AAdD0YsyuORn4sAi@6c48a","6c1CZl/pNFrq25eSuzOpjv@6c48a","ffHMqnEohJbI9QzrAzzAwc@f9941","6c1CZl/pNFrq25eSuzOpjv@f9941","29x+MEJLdF77BbCUxl5+p4@f9941","a2KMgYykhO3Yed4F4LGvfF@6c48a","f59I0YsjdKVJ+apZRf1gzT@6c48a","ffHMqnEohJbI9QzrAzzAwc@6c48a"],["node","_spriteFrame","_textureSource","root","data"],["cc.SpriteFrame",["cc.Node",["_name","_layer","_components","_prefab","_parent","_children","_lpos","_lscale"],1,9,4,1,2,5,5],["cc.UITransform",["node","__prefab","_contentSize"],3,1,4,5],["cc.Sprite",["_sizeMode","_type","node","__prefab","_spriteFrame"],1,1,4,6],["cc.Prefab",["_name"],2],["cc.CompPrefabInfo",["fileId"],2],["c98559UzNZLtYPXky6aQC8f",["node","__prefab"],3,1,4],["cc.PrefabInfo",["fileId","instance","targetOverrides","nestedPrefabInstanceRoots","root","asset"],-1,1,1],["cc.Label",["_string","_actualFontSize","node","__prefab","_color"],1,1,4,5]],[[5,0,2],[7,0,1,2,3,4,5,5],[2,0,1,2,1],[1,0,1,4,2,3,6,3],[3,0,2,3,4,2],[3,1,2,3,4,2],[1,0,1,4,2,3,6,7,3],[1,0,1,4,5,2,3,3],[2,0,1,1],[4,0,2],[1,0,1,5,2,3,3],[1,0,1,4,2,3,3],[6,0,1,1],[8,0,1,2,3,4,3]],[[[{"name":"grid_fill","rect":{"x":0,"y":0,"width":116,"height":116},"offset":{"x":0,"y":0},"originalSize":{"width":116,"height":116},"rotated":false,"capInsets":[0,0,0,0],"vertices":{"rawPosition":[-58,-58,0,58,-58,0,-58,58,0,58,58,0],"indexes":[0,1,2,2,1,3],"uv":[0,116,116,116,0,0,116,0],"nuv":[0,0,1,0,0,1,1,1],"minPos":{"x":-58,"y":-58,"z":0},"maxPos":{"x":58,"y":58,"z":0}},"packable":true,"pixelsToUnit":100,"pivot":{"x":0.5,"y":0.5},"meshType":0}],[0],0,[0],[2],[3]],[[{"name":"grid_edge_out_left_top","rect":{"x":0,"y":0,"width":48,"height":45},"offset":{"x":0,"y":0},"originalSize":{"width":48,"height":45},"rotated":false,"capInsets":[0,0,0,0],"vertices":{"rawPosition":[-24,-22.5,0,24,-22.5,0,-24,22.5,0,24,22.5,0],"indexes":[0,1,2,2,1,3],"uv":[0,45,48,45,0,0,48,0],"nuv":[0,0,1,0,0,1,1,1],"minPos":{"x":-24,"y":-22.5,"z":0},"maxPos":{"x":24,"y":22.5,"z":0}},"packable":true,"pixelsToUnit":100,"pivot":{"x":0.5,"y":0.5},"meshType":0}],[0],0,[0],[2],[4]],[[{"name":"grid_edge_line_right","rect":{"x":2,"y":0,"width":18,"height":38},"offset":{"x":1,"y":0},"originalSize":{"width":20,"height":38},"rotated":false,"capInsets":[0,0,0,0],"vertices":{"rawPosition":[-9,-19,0,9,-19,0,-9,19,0,9,19,0],"indexes":[0,1,2,2,1,3],"uv":[2,38,20,38,2,0,20,0],"nuv":[0.1,0,1,0,0.1,1,1,1],"minPos":{"x":-9,"y":-19,"z":0},"maxPos":{"x":9,"y":19,"z":0}},"packable":true,"pixelsToUnit":100,"pivot":{"x":0.5,"y":0.5},"meshType":0}],[0],0,[0],[2],[5]],[[[9,"block"],[10,"block",33554432,[-5,-6,-7],[[2,-2,[0,"95vg/hiBNA8ZhI22i6iZba"],[5,75,75]],[4,0,-3,[0,"b1Qpo8fDdNu7ioLo/RrKoN"],8],[12,-4,[0,"e1Gqivui1Ly7GmKvhV0SGq"]]],[1,"1chTem15tNPYXhiJCLwZXQ",null,null,null,-1,0]],[7,"single",33554432,1,[-9,-10,-11,-12],[[8,-8,[0,"4d0KJBdw1HGblj1D4USubM"]]],[1,"b8ECdLQslC+LXHmJ87cVCl",null,null,null,1,0]],[7,"corner",33554432,1,[-14,-15,-16,-17],[[8,-13,[0,"b5wKpslfhFBZ9fYGx6GdbZ"]]],[1,"ddC0cQucdEzrGc/crYTtf4",null,null,null,1,0]],[11,"lb",33554432,1,[[2,-18,[0,"14Ix1xPSBP7q8G/tvPsHG3"],[5,0,50.4]],[13,"",40,-19,[0,"2frQy0kp1PfpWD5jCbcoSZ"],[4,4278190080]]],[1,"6dfKPDiudISJaTvGUvgxCE",null,null,null,1,0]],[3,"left",33554432,2,[[2,-20,[0,"0fFOBCk+1KTatvvkPYSxRo"],[5,18,75]],[4,0,-21,[0,"188ctb/L1FzLjgiafSKiXy"],0]],[1,"412bhqcDFJfr/QjVfboURp",null,null,null,1,0],[1,-36.235,0.319,0]],[3,"right",33554432,2,[[2,-22,[0,"8ecy43DU9FbqhWTUjEa+A7"],[5,18,75]],[4,0,-23,[0,"72nhHkQY9FOZ7ba5RKAawG"],1]],[1,"1fLYCvhaVPdY0Jl6VejYP1",null,null,null,1,0],[1,36.235,0,0]],[3,"top",33554432,2,[[2,-24,[0,"f6R+Xgeh5PxY2rh8S6K1Ix"],[5,75,15]],[4,0,-25,[0,"31wBzQDftI8IZW1B4nH5eo"],2]],[1,"41KwutDqVNG7hODB4KntVs",null,null,null,1,0],[1,0,36,0]],[6,"down",33554432,2,[[2,-26,[0,"eaSdT22j9I6IDbX+1VJypk"],[5,75,15]],[4,0,-27,[0,"027sgoY1xBhoLLIsJ5gxvk"],3]],[1,"c3z2M6j/pPnZO9AWZOWOk9",null,null,null,1,0],[1,0,-36,0],[1,1,-1,1]],[3,"left_top",33554432,3,[[2,-28,[0,"f95rq2br1Fx4AcVO9PO2kJ"],[5,48,45]],[5,1,-29,[0,"15ygOkk9NB6qSLEVJUyaD1"],4]],[1,"39m2GhnxFAOY9YhBRJVSLk",null,null,null,1,0],[1,-21.315,21.187,0]],[3,"right_top",33554432,3,[[2,-30,[0,"12tRkMF/lCg5OisasnubC7"],[5,48,45]],[5,1,-31,[0,"40WfO7aLZC/6ACmI1lmiaH"],5]],[1,"bekydBEJhKzLBBKZCBYVrz",null,null,null,1,0],[1,21.315,21.187,0]],[6,"right_down",33554432,3,[[2,-32,[0,"05LA8mhjpGk7LKgUam3ZWP"],[5,48,45]],[5,1,-33,[0,"1832qb171NO5j7ft5W7R8p"],6]],[1,"e6JT83vK5DgrIpXbsIe74l",null,null,null,1,0],[1,21.314999999999998,-21.187,0],[1,1,-1,1]],[6,"left_down",33554432,3,[[2,-34,[0,"d1pkxXq1tDYbDUCQciM6/o"],[5,48,45]],[5,1,-35,[0,"a6mCKCt6lKz4xFLSkP/1iu"],7]],[1,"68c+XG8a9Ij5hFlHuDj+Ls",null,null,null,1,0],[1,-21.314999999999998,-21.187,0],[1,1,-1,1]]],0,[0,3,1,0,0,1,0,0,1,0,0,1,0,-1,4,0,-2,2,0,-3,3,0,0,2,0,-1,5,0,-2,6,0,-3,7,0,-4,8,0,0,3,0,-1,9,0,-2,10,0,-3,11,0,-4,12,0,0,4,0,0,4,0,0,5,0,0,5,0,0,6,0,0,6,0,0,7,0,0,7,0,0,8,0,0,8,0,0,9,0,0,9,0,0,10,0,0,10,0,0,11,0,0,11,0,0,12,0,0,12,0,4,1,35],[0,0,0,0,0,0,0,0,0],[1,1,1,1,1,1,1,1,1],[6,7,0,0,1,2,2,1,8]],[[{"name":"grid_edge_line_top","rect":{"x":0,"y":0,"width":38,"height":15},"offset":{"x":0,"y":1},"originalSize":{"width":38,"height":17},"rotated":false,"capInsets":[0,0,0,0],"vertices":{"rawPosition":[-19,-7.5,0,19,-7.5,0,-19,7.5,0,19,7.5,0],"indexes":[0,1,2,2,1,3],"uv":[0,17,38,17,0,2,38,2],"nuv":[0,0.11764705882352941,1,0.11764705882352941,0,1,1,1],"minPos":{"x":-19,"y":-7.5,"z":0},"maxPos":{"x":19,"y":7.5,"z":0}},"packable":true,"pixelsToUnit":100,"pivot":{"x":0.5,"y":0.5},"meshType":0}],[0],0,[0],[2],[9]],[[{"name":"grid_edge_out_right_top","rect":{"x":0,"y":0,"width":48,"height":45},"offset":{"x":0,"y":0},"originalSize":{"width":48,"height":45},"rotated":false,"capInsets":[0,0,0,0],"vertices":{"rawPosition":[-24,-22.5,0,24,-22.5,0,-24,22.5,0,24,22.5,0],"indexes":[0,1,2,2,1,3],"uv":[0,45,48,45,0,0,48,0],"nuv":[0,0,1,0,0,1,1,1],"minPos":{"x":-24,"y":-22.5,"z":0},"maxPos":{"x":24,"y":22.5,"z":0}},"packable":true,"pixelsToUnit":100,"pivot":{"x":0.5,"y":0.5},"meshType":0}],[0],0,[0],[2],[10]],[[{"name":"grid_edge_line_left","rect":{"x":0,"y":0,"width":18,"height":38},"offset":{"x":-1,"y":0},"originalSize":{"width":20,"height":38},"rotated":false,"capInsets":[0,0,0,0],"vertices":{"rawPosition":[-9,-19,0,9,-19,0,-9,19,0,9,19,0],"indexes":[0,1,2,2,1,3],"uv":[0,38,18,38,0,0,18,0],"nuv":[0,0,0.9,0,0,1,0.9,1],"minPos":{"x":-9,"y":-19,"z":0},"maxPos":{"x":9,"y":19,"z":0}},"packable":true,"pixelsToUnit":100,"pivot":{"x":0.5,"y":0.5},"meshType":0}],[0],0,[0],[2],[11]]]]
