[1,["38n1/yjGNGxIiNMf0phOwP","a9uCTEG41H1ZXc7PwLYtzw","f5wOD1dDJGXp4Xo2hl7f4D@f9941","1eF1AOl/9KH4djipFecvh9@f9941","f5qc8IrJhEkptK9bHmgDtV@f9941","f0T0dViUNO255E/L9KxAqK@f9941","22doEiEwJHsbUgmZ31mSwM@f9941","22doEiEwJHsbUgmZ31mSwM@6c48a","cdQXxJ3KpO2KvoGPysT2yw@f9941","97TNsErQdMcKf8zLYbGBmE@f9941","76Wh8xgc5Kyrw0mrofec/y@f9941","1eEqR3I4ZF+6CiIiSyZV80@f9941","08UyDXyktCSIpFNTMUwPFm@f9941","faMBhlGChP9q5cy85gmBUL@f9941","0cti4WWmZPJLgKFpSSK4/V@f9941","2bFj9LZ/lP1aKiwytN9XdW@f9941","f5wOD1dDJGXp4Xo2hl7f4D@6c48a"],["node","_spriteFrame","targetInfo","_font","root","_parent","asset","_textureSource","data"],[["cc.Node",["_name","_layer","_active","_objFlags","__editorExtras__","_prefab","_components","_parent","_children","_lpos","_lscale"],-2,4,9,1,2,5,5],["cc.Label",["_string","_actualFontSize","_fontSize","_cacheMode","_lineHeight","_isBold","_enableOutline","_isSystemFontUsed","node","__prefab","_outlineColor","_color","_font"],-5,1,4,5,5,6],["cc.Sprite",["_sizeMode","_type","node","__prefab","_spriteFrame"],1,1,4,6],"cc.SpriteFrame",["cc.UITransform",["node","__prefab","_contentSize"],3,1,4,5],["cc.LabelOutline",["_enabled","node","__prefab"],2,1,4],["cc.Prefab",["_name"],2],["cc.Node",["_name","_layer","_parent","_components","_prefab","_lpos"],1,1,12,4,5],["cc.CompPrefabInfo",["fileId"],2],["cc.Widget",["_alignFlags","_originalWidth","_originalHeight","node","__prefab"],0,1,4],["13d65T7UzpMzZ5nLJ97Eq1b",["isAddFullWidget","isMask","isPlayOpenAnim","node","__prefab"],0,1,4],["cc.PrefabInfo",["fileId","instance","targetOverrides","root","asset","nestedPrefabInstanceRoots"],0,1,1,2],["cc.PrefabInfo",["fileId","instance","targetOverrides","nestedPrefabInstanceRoots","root","asset"],-1,1,1],["cc.PrefabInfo",["fileId","targetOverrides","nestedPrefabInstanceRoots","root","instance","asset"],0,1,4,6],["cc.Button",["node","__prefab"],3,1,4],["cc.Layout",["_resizeMode","_layoutType","_spacingX","node","__prefab"],0,1,4],["cc.TargetInfo",["localID"],2],["cc.PrefabInstance",["fileId","prefabRootNode","mountedComponents","propertyOverrides"],2,1,9,9],["cc.MountedComponentsInfo",["targetInfo","components"],3,4,2],["CCPropertyOverrideInfo",["value","propertyPath","targetInfo"],1,1],["CCPropertyOverrideInfo",["propertyPath","targetInfo","value"],2,1,8],["CCPropertyOverrideInfo",["propertyPath","targetInfo","value"],2,4,8],["CCPropertyOverrideInfo",["value","propertyPath","targetInfo"],1,4]],[[8,0,2],[12,0,1,2,3,4,5,5],[4,0,1,2,1],[16,0,2],[19,0,1,2,3],[22,0,1,2,3],[2,0,2,3,4,2],[20,0,1,2,2],[0,0,1,7,6,5,9,3],[21,0,1,2,2],[2,2,3,4,1],[5,1,2,1],[0,0,1,8,6,5,9,3],[0,0,1,7,8,6,5,9,3],[0,0,1,7,6,5,3],[14,0,1,1],[0,3,4,7,5,3],[7,0,1,2,3,4,5,3],[13,0,1,2,3,4,5,4],[2,1,0,2,3,4,3],[1,0,1,2,7,6,8,9,12,6],[17,0,1,2,3,2],[18,0,1,1],[0,0,2,1,7,6,5,4],[0,0,2,1,7,6,5,9,4],[4,0,1,1],[1,0,1,2,4,7,3,8,9,12,7],[0,0,1,7,8,6,5,3],[1,0,1,2,4,5,3,6,8,9,10,8],[5,0,1,2,2],[6,0,2],[0,0,1,8,6,5,3],[0,0,1,7,8,6,5,9,10,3],[9,0,1,2,3,4,4],[10,0,1,2,3,4,4],[11,0,1,2,3,4,5,4],[15,0,1,2,3,4,4],[1,0,1,4,5,3,8,9,11,10,6],[1,0,1,2,5,3,8,9,11,10,6]],[[[{"name":"propbg","rect":{"x":0,"y":0,"width":168,"height":172},"offset":{"x":0,"y":0},"originalSize":{"width":168,"height":172},"rotated":false,"capInsets":[0,0,0,0],"vertices":{"rawPosition":[-84,-86,0,84,-86,0,-84,86,0,84,86,0],"indexes":[0,1,2,2,1,3],"uv":[0,172,168,172,0,0,168,0],"nuv":[0,0,1,0,0,1,1,1],"minPos":{"x":-84,"y":-86,"z":0},"maxPos":{"x":84,"y":86,"z":0}},"packable":true,"pixelsToUnit":100,"pivot":{"x":0.5,"y":0.5},"meshType":0}],[3],0,[0],[7],[7]],[[[30,"challengeView"],[31,"challengeView",33554432,[-9],[[2,-6,[0,"b8aN2J6HNEgpzw5z7w2mRs"],[5,720,1334]],[33,45,100,100,-7,[0,"0b8yYCIpFLLYxwYAJg6pjy"]],[34,true,true,true,-8,[0,"3aiDtFE/tEM5aUIWwLXKQe"]]],[35,"99z0Xt3PBPBbdYt16Dlkbq",null,null,-5,0,[-1,-2,-3,-4]]],[12,"toolBtn2",33554432,[-13,-14,-15,-16,-17],[[2,-10,[0,"a27ODg07lMh4I5ABwRpzYN"],[5,148,152]],[6,0,-11,[0,"bfJwJpd8dIkJfl+H2LBO1q"],8],[15,-12,[0,"41P0uXo55CpqEIxhAVxz/Y"]]],[1,"efcDztckRFKqNgou9zH/Cb",null,null,null,1,0],[1,-174.25499999999994,-137.2589999999998,0]],[12,"toolBtn3",33554432,[-21,-22,-23,-24,-25],[[2,-18,[0,"90CEC1cbxDpoFzS37xe9Ek"],[5,148,152]],[6,0,-19,[0,"61ktT1ELBGKIVVInw0RVJa"],15],[15,-20,[0,"1aow+XfbhEe49qXizbZ+wr"]]],[1,"14lD72W9JJXKEtl7wTE72F",null,null,null,1,0],[1,-2.5529999999999404,-137.2589999999998,0]],[12,"toolBtn1",33554432,[-29,-30,-31,-32,-33],[[2,-26,[0,"14g8FPG2FD/KSGM+fyzkDY"],[5,148,152]],[6,0,-27,[0,"19RF0FZQ9H+4B/ikIvYaTb"],22],[15,-28,[0,"df3LGPZVFCdpDr3D/PwUAs"]]],[1,"5dXN9zyTRKuKGHi9u78k2M",null,null,null,1,0],[1,169.14900000000006,-137.2589999999998,0]],[12,"bg",33554432,[-36,-37,2,3,4],[[2,-34,[0,"ecphBMdt1KdLwvN7IqHbFm"],[5,620,838.4337499999999]],[19,1,0,-35,[0,"be1iyewM5MMrvL/hVxkh5g"],23]],[1,"e9AheL98NLu73vmaOmrllu",null,null,null,1,0],[1,0,-69.216875,0]],[12,"content",33554432,[5,-39,-40,-41,-42],[[25,-38,[0,"480kA2np5DtqsxNK7EJt+f"]]],[1,"1b/h4vCZ1GXZ9YKmVsVvDR",null,null,null,1,0],[1,0,100,0]],[32,"target",33554432,6,[-45,-46,-47,-48],[[2,-43,[0,"1b5DntrTZDo48GXqYgGqnl"],[5,330,100]],[36,1,1,10,-44,[0,"38/Kj6xExHGLG3nSkwkltt"]]],[1,"acyO+NmexNloN6u3MsmPa9",null,null,null,1,0],[1,0,41.938,0],[1,1.2,1.2,1]],[13,"playBtn",33554432,6,[-52],[[2,-49,[0,"f62xHaFnREtaoRZ4ASmrvQ"],[5,250,114]],[19,1,0,-50,[0,"899v3tRF5FQr2E67eNqBVJ"],25],[15,-51,[0,"de6dAy/c5GKquoqA9kgRgB"]]],[1,"8fF7UaKKBLcKYTE+rRHsF7",null,null,null,1,0],[1,0,-381.556,0]],[3,["464mHHzNdEMZ9pjfN7GfBg"]],[3,["464mHHzNdEMZ9pjfN7GfBg"]],[3,["464mHHzNdEMZ9pjfN7GfBg"]],[27,"lb",33554432,6,[-54,-55,-56],[[25,-53,[0,"4fkl/XmU1OHqYMMFeo4kZT"]]],[1,"ebPZexWaRCDoTJ3dosH0cz",null,null,null,1,0]],[13,"prompt",33554432,2,[-59],[[2,-57,[0,"64wW68zNpNwYgr+HQyOsx5"],[5,55,55]],[6,0,-58,[0,"90kuArbEFEbakbuefSEiSM"],5]],[1,"86OR7ANo1OoqsSVZq0ByZ2",null,null,null,1,0],[1,43.332,-47.117,0]],[13,"prompt",33554432,3,[-62],[[2,-60,[0,"81Ta52D3ZK24slRf+1bJxC"],[5,55,55]],[6,0,-61,[0,"b0MPDs8ohJEqxqtOh7HzS0"],12]],[1,"fdOara0EdBV5+6el5u+YXy",null,null,null,1,0],[1,49.974,-47.117,0]],[13,"prompt",33554432,4,[-65],[[2,-63,[0,"31KVqXHERKnIdCilGn2sQA"],[5,55,55]],[6,0,-64,[0,"ff8gUPNmVMS7PhnIyYqPZS"],19]],[1,"c1qVum9nRPlr6ZBo+wkTit",null,null,null,1,0],[1,56.615,-47.117,0]],[13,"closeBtn",33554432,6,[-68],[[2,-66,[0,"02KAp4Q1BHwpJdbfk4q5rg"],[5,80,80]],[15,-67,[0,"939AP/BxZKNqF8iHg/OC0P"]]],[1,"2dao81wxxHe7K0zdGNsR7M",null,null,null,1,0],[1,231.229,288.57,0]],[14,"Label",33554432,8,[[2,-69,[0,"43mq5b8w1AKZ07yInnHb4M"],[5,117.916015625,67]],[28,"Start",50,50,50,true,1,true,-70,[0,"5byv1Odp9Gxb9rklpqhREQ"],[4,4281116766]],[11,-71,[0,"abEz30NYVHvp1y+IezK3R4"]]],[1,"339UWr5upMeIpzEyVj2eaY",null,null,null,1,0]],[16,0,{},7,[18,"464mHHzNdEMZ9pjfN7GfBg",null,null,-81,[21,"85M/z6sbFA8JSSQcKnKyc+",1,[[22,[3,["98elbqT/xFHYnu8f3rgvlc"]],[-80]]],[[4,"grid",["_name"],-72],[7,["_lpos"],-73,[1,-127.5,0,0]],[7,["_lrot"],-74,[3,0,0,0,1]],[7,["_euler"],-75,[1,0,0,0]],[4,"15",["_string"],-76],[9,["_contentSize"],[3,["2cwPzH8xVGJLRqHZdwu8oh"]],[5,33.93998718261719,54.4]],[4,30,["_fontSize"],-77],[4,30,["_actualFontSize"],-78],[9,["_lpos"],[3,["98elbqT/xFHYnu8f3rgvlc"]],[1,21.434,-38.382,0]],[4,false,["_isBold"],-79],[5,false,["_active"],[3,["6fYuUMd3pESr0tPcj18N6U"]]],[5,false,["_active"],[3,["ceU7e2wlRJ1IMq+yXeG4Fw"]]],[5,false,["_active"],[3,["3b8SObnONAt6xwjqALmI5p"]]],[5,false,["_active"],[3,["95hZnix4xEWZiLWaMJAnMR"]]]]],26]],[3,["464mHHzNdEMZ9pjfN7GfBg"]],[3,["76uUp7KoNMCLn6P6ZQ21oy"]],[16,0,{},7,[18,"464mHHzNdEMZ9pjfN7GfBg",null,null,-87,[21,"39Zi0qCwRBGKd3SaQMqTjE",1,[[22,[3,["98elbqT/xFHYnu8f3rgvlc"]],[-86]]],[[4,"grid-001",["_name"],9],[7,["_lpos"],9,[1,-42.5,0,0]],[7,["_lrot"],9,[3,0,0,0,1]],[7,["_euler"],9,[1,0,0,0]],[4,"15",["_string"],-82],[9,["_contentSize"],[3,["2cwPzH8xVGJLRqHZdwu8oh"]],[5,33.93998718261719,54.4]],[4,30,["_fontSize"],-83],[4,30,["_actualFontSize"],-84],[9,["_lpos"],[3,["98elbqT/xFHYnu8f3rgvlc"]],[1,21.434,-38.382,0]],[4,false,["_isBold"],-85],[5,false,["_active"],[3,["6fYuUMd3pESr0tPcj18N6U"]]],[5,false,["_active"],[3,["ceU7e2wlRJ1IMq+yXeG4Fw"]]],[5,false,["_active"],[3,["3b8SObnONAt6xwjqALmI5p"]]],[5,false,["_active"],[3,["95hZnix4xEWZiLWaMJAnMR"]]],[4,true,["_active"],9]]],28]],[3,["76uUp7KoNMCLn6P6ZQ21oy"]],[16,0,{},7,[18,"464mHHzNdEMZ9pjfN7GfBg",null,null,-93,[21,"b5VzcUsVVIH5Y43h/zJDeJ",1,[[22,[3,["98elbqT/xFHYnu8f3rgvlc"]],[-92]]],[[4,"grid-002",["_name"],10],[7,["_lpos"],10,[1,42.5,0,0]],[7,["_lrot"],10,[3,0,0,0,1]],[7,["_euler"],10,[1,0,0,0]],[4,"15",["_string"],-88],[9,["_contentSize"],[3,["2cwPzH8xVGJLRqHZdwu8oh"]],[5,33.93998718261719,54.4]],[4,30,["_fontSize"],-89],[4,30,["_actualFontSize"],-90],[9,["_lpos"],[3,["98elbqT/xFHYnu8f3rgvlc"]],[1,21.434,-38.382,0]],[4,false,["_isBold"],-91],[5,false,["_active"],[3,["6fYuUMd3pESr0tPcj18N6U"]]],[5,false,["_active"],[3,["ceU7e2wlRJ1IMq+yXeG4Fw"]]],[5,false,["_active"],[3,["3b8SObnONAt6xwjqALmI5p"]]],[5,false,["_active"],[3,["95hZnix4xEWZiLWaMJAnMR"]]],[4,true,["_active"],10]]],30]],[3,["76uUp7KoNMCLn6P6ZQ21oy"]],[16,0,{},7,[18,"464mHHzNdEMZ9pjfN7GfBg",null,null,-99,[21,"afI72vVUhKzrEq7aYQQpTw",1,[[22,[3,["98elbqT/xFHYnu8f3rgvlc"]],[-98]]],[[4,"grid-003",["_name"],11],[7,["_lpos"],11,[1,127.5,0,0]],[7,["_lrot"],11,[3,0,0,0,1]],[7,["_euler"],11,[1,0,0,0]],[4,"15",["_string"],-94],[9,["_contentSize"],[3,["2cwPzH8xVGJLRqHZdwu8oh"]],[5,33.93998718261719,54.4]],[4,30,["_fontSize"],-95],[4,30,["_actualFontSize"],-96],[9,["_lpos"],[3,["98elbqT/xFHYnu8f3rgvlc"]],[1,21.434,-38.382,0]],[4,false,["_isBold"],-97],[5,false,["_active"],[3,["6fYuUMd3pESr0tPcj18N6U"]]],[5,false,["_active"],[3,["ceU7e2wlRJ1IMq+yXeG4Fw"]]],[5,false,["_active"],[3,["3b8SObnONAt6xwjqALmI5p"]]],[5,false,["_active"],[3,["95hZnix4xEWZiLWaMJAnMR"]]],[4,true,["_active"],11]]],32]],[3,["76uUp7KoNMCLn6P6ZQ21oy"]],[8,"title",33554432,12,[[2,-100,[0,"a3NCd253lJHYrPTHDVKZpE"],[5,202.81,84]],[28,"1Level",60,60,80,true,2,true,-101,[0,"37gv4d0y1LX5LoWCpcRbtP"],[4,4284111561]],[11,-102,[0,"01kNGtdbNF16o7F2+FSoEf"]]],[1,"03+aHhw9dNzJ9JLpw3YTYa",null,null,null,1,0],[1,0,288.07,0]],[8,"title-001",33554432,12,[[2,-103,[0,"72j87j3dtHK6nv0EKNVgXT"],[5,119.27734375,63]],[37,"Target",40,50,true,1,-104,[0,"b2QFysE15G6olYPSgJgmRU"],[4,4279637643],[4,4284111561]],[29,false,-105,[0,"29q2fdAJ9LeJur4OwqVmzM"]]],[1,"5ehPEc0ltBVLPsGIaUpJ/l",null,null,null,1,0],[1,0,180.55,0]],[8,"title-002",33554432,12,[[2,-106,[0,"12rDMXdr5GHZTHXtf7ODrA"],[5,206.71875,50.4]],[38,"Prop selection",30,30,true,1,-107,[0,"12aaMwBu9Kgb8K43/cRTW7"],[4,4279637643],[4,4284111561]],[29,false,-108,[0,"caV7k0hQZMkIU3S00rdMrJ"]]],[1,"591BGkN1BCx6Lp+wGekRSy",null,null,null,1,0],[1,0,-92.824,0]],[27,"animNode",33554432,1,[6],[[25,-109,[0,"4cHDfHuphJbIdhyanPX/LP"]]],[1,"0fRXJoM+xK56DeuyATptvz",null,null,null,1,0]],[8,"dialoguebg",33554432,5,[[2,-110,[0,"78ZKfS6qBHs5lxyAsW2zZd"],[5,550,521.99]],[19,1,0,-111,[0,"00v33fpF1CTagp8+QXueNk"],0]],[1,"1cYz8BgthAibdaz+7P+1Fc",null,null,null,1,0],[1,0,25.008,0]],[8,"frame3",33554432,5,[[2,-112,[0,"4eHOig+mBFuoIOLP+lYsSt"],[5,500,204.98624999999998]],[19,1,0,-113,[0,"cdP6QZFoFEGrSTekqmoImi"],1]],[1,"1dp6PBOKdHeLEACrPS7A3Z",null,null,null,1,0],[1,0,114.432,0]],[23,"s",false,33554432,2,[[2,-114,[0,"7e1cu4wpxAMJhKYesPSGh0"],[5,148,152]],[6,0,-115,[0,"307VIodZJHHYGKNk0mB0jx"],2]],[1,"b0iNElpBpHOLhIPMh9C9ST",null,null,null,1,0]],[14,"Match10",33554432,2,[[2,-116,[0,"ccyjnr0qpLYoO9TOiqOJcC"],[5,78,81]],[10,-117,[0,"9e79TkHg1Pl57n3H4MiQNE"],3]],[1,"7cKkGDLplOv7deEq8vZj19",null,null,null,1,0]],[8,"lbTool2",33554432,13,[[2,-118,[0,"db8NYPKuJO+q5b6o972fKH"],[5,12.739990234375,37.8]],[26,"1",26,26,30,false,1,-119,[0,"56G24CIgBPmoNUeGdA2Lv3"],4]],[1,"645lUQ/ctHja14CrH1kx03",null,null,null,1,0],[1,0,3.778,0]],[24,"s1",false,33554432,2,[[2,-120,[0,"d87m9eikhHba9tcZ1vhsQJ"],[5,48,52]],[10,-121,[0,"fc+TKbAmtDY5Qy/bU2ddMk"],6]],[1,"98Al6+ORBG57wPPBdh6P5p",null,null,null,1,0],[1,42.869,-48.352,0]],[8,"add",33554432,2,[[2,-122,[0,"23K/g6HEZM3LkrBMUUb+5K"],[5,55,55]],[6,0,-123,[0,"7dpetC7KBGMYFbhtuFFKVe"],7]],[1,"a0LFA/wApOMrzCFxBqPVm+",null,null,null,1,0],[1,46.781,-49.799,0]],[23,"s",false,33554432,3,[[2,-124,[0,"3bhFACZbdMWL9rNEOQdoin"],[5,148,152]],[6,0,-125,[0,"ffEI4XtoRPY5BAw9vZ43Xk"],9]],[1,"66I8lT0CtOPqOdKYkOlxMc",null,null,null,1,0]],[14,"missile",33554432,3,[[2,-126,[0,"1acELzxRhDv5TVoaH9Jpt1"],[5,71,76]],[10,-127,[0,"53q/c+IFFIMLCVxIKqm4zZ"],10]],[1,"a5mAK2k5dKe5dv8QsJMwxi",null,null,null,1,0]],[8,"lbTool3",33554432,14,[[2,-128,[0,"cdTd21IdtIxIzWdtuO0ArH"],[5,12.739990234375,37.8]],[26,"1",26,26,30,false,1,-129,[0,"f32vMZKepDkKA07o2ruFCd"],11]],[1,"caA6yMUV5J6aqoj0L/FdvS",null,null,null,1,0],[1,0,3.778,0]],[24,"s1",false,33554432,3,[[2,-130,[0,"f5+PWGAg1Inq34Tt5+GxVh"],[5,48,52]],[10,-131,[0,"0dZfbm/X1A7LcKgSq6nbQM"],13]],[1,"0bXEWCTV1HmpzN4UFviJa/",null,null,null,1,0],[1,51.525,-48.352,0]],[8,"add",33554432,3,[[2,-132,[0,"3bBCFds1VBLpOij5yh5aX5"],[5,55,55]],[6,0,-133,[0,"25wu55pTdBmrnHEmDYKeNt"],14]],[1,"b8VPnw7tVGIbUs3EI7NtkH",null,null,null,1,0],[1,46.781,-49.799,0]],[23,"s",false,33554432,4,[[2,-134,[0,"c4PBjjXOJKfJUku8i9IsgG"],[5,148,152]],[6,0,-135,[0,"a4AHE4DtpFVKGVLlgcpiPq"],16]],[1,"1ba5pO6rxJ1K/RNUVXorIV",null,null,null,1,0]],[14,"Match11",33554432,4,[[2,-136,[0,"5cQojOT8dBOaqjNqbD+0hn"],[5,100,93]],[10,-137,[0,"8fmWtuOYtFf6HI1uWLoWNK"],17]],[1,"b77QGYZ/ZFipIGinCNLcBQ",null,null,null,1,0]],[8,"lbTool1",33554432,15,[[2,-138,[0,"e4uynd9IpG9JsP6RhQVewv"],[5,12.739990234375,37.8]],[26,"1",26,26,30,false,1,-139,[0,"b7q6FXoH1GZacmBcseANVb"],18]],[1,"8bnGg+/1pOzZqiGkTeVpqw",null,null,null,1,0],[1,0,3.778,0]],[24,"s1",false,33554432,4,[[2,-140,[0,"61G9fj06FD0Y2U4PrAzDFp"],[5,48,52]],[10,-141,[0,"61MQb+s5VLgqU7vC4m7qeV"],20]],[1,"45c0Ii0UdKc6ITaeAu8Jp0",null,null,null,1,0],[1,55.145,-48.352,0]],[8,"add",33554432,4,[[2,-142,[0,"95W2JihWlOJrE4wTA9tqC7"],[5,55,55]],[6,0,-143,[0,"aaVx9dgZxOio63d366+FJn"],21]],[1,"73sEZQRMFCF6huG93c6SeK",null,null,null,1,0],[1,57.291,-49.799,0]],[14,"closeBtn-001",33554432,16,[[2,-144,[0,"3f0A51q2dLqYeXsQEU2QPX"],[5,39,41]],[10,-145,[0,"f6U8AOd05M/pOkyGU9qTMv"],24]],[1,"02FpeDOCxAC74/SOR1EeJb",null,null,null,1,0]],[17,"lb",33554432,18,[[[2,-146,[0,"2cwPzH8xVGJLRqHZdwu8oh"],[5,33.93998718261719,54.4]],[20,"15",30,30,false,true,-147,[0,"76uUp7KoNMCLn6P6ZQ21oy"],27],-148],4,4,1],[1,"98elbqT/xFHYnu8f3rgvlc",null,null,null,1,0],[1,21.434,-38.382,0]],[17,"lb",33554432,21,[[[2,-149,[0,"2cwPzH8xVGJLRqHZdwu8oh"],[5,33.93998718261719,54.4]],[20,"15",30,30,false,true,-150,[0,"76uUp7KoNMCLn6P6ZQ21oy"],29],-151],4,4,1],[1,"98elbqT/xFHYnu8f3rgvlc",null,null,null,1,0],[1,21.434,-38.382,0]],[17,"lb",33554432,23,[[[2,-152,[0,"2cwPzH8xVGJLRqHZdwu8oh"],[5,33.93998718261719,54.4]],[20,"15",30,30,false,true,-153,[0,"76uUp7KoNMCLn6P6ZQ21oy"],31],-154],4,4,1],[1,"98elbqT/xFHYnu8f3rgvlc",null,null,null,1,0],[1,21.434,-38.382,0]],[17,"lb",33554432,25,[[[2,-155,[0,"2cwPzH8xVGJLRqHZdwu8oh"],[5,33.93998718261719,54.4]],[20,"15",30,30,false,true,-156,[0,"76uUp7KoNMCLn6P6ZQ21oy"],33],-157],4,4,1],[1,"98elbqT/xFHYnu8f3rgvlc",null,null,null,1,0],[1,21.434,-38.382,0]],[11,49,[0,"ffrWJXvmFJw66fpY9hg93j"]],[11,50,[0,"ffrWJXvmFJw66fpY9hg93j"]],[11,51,[0,"ffrWJXvmFJw66fpY9hg93j"]],[11,52,[0,"ffrWJXvmFJw66fpY9hg93j"]]],0,[0,-1,25,0,-2,23,0,-3,21,0,-4,18,0,4,1,0,0,1,0,0,1,0,0,1,0,-1,30,0,0,2,0,0,2,0,0,2,0,-1,33,0,-2,34,0,-3,13,0,-4,36,0,-5,37,0,0,3,0,0,3,0,0,3,0,-1,38,0,-2,39,0,-3,14,0,-4,41,0,-5,42,0,0,4,0,0,4,0,0,4,0,-1,43,0,-2,44,0,-3,15,0,-4,46,0,-5,47,0,0,5,0,0,5,0,-1,31,0,-2,32,0,0,6,0,-2,16,0,-3,8,0,-4,7,0,-5,12,0,0,7,0,0,7,0,-1,18,0,-2,21,0,-3,23,0,-4,25,0,0,8,0,0,8,0,0,8,0,-1,17,0,0,12,0,-1,27,0,-2,28,0,-3,29,0,0,13,0,0,13,0,-1,35,0,0,14,0,0,14,0,-1,40,0,0,15,0,0,15,0,-1,45,0,0,16,0,0,16,0,-1,48,0,0,17,0,0,17,0,0,17,0,2,19,0,2,19,0,2,19,0,2,19,0,2,20,0,2,20,0,2,20,0,2,20,0,-1,53,0,4,18,0,2,22,0,2,22,0,2,22,0,2,22,0,-1,54,0,4,21,0,2,24,0,2,24,0,2,24,0,2,24,0,-1,55,0,4,23,0,2,26,0,2,26,0,2,26,0,2,26,0,-1,56,0,4,25,0,0,27,0,0,27,0,0,27,0,0,28,0,0,28,0,0,28,0,0,29,0,0,29,0,0,29,0,0,30,0,0,31,0,0,31,0,0,32,0,0,32,0,0,33,0,0,33,0,0,34,0,0,34,0,0,35,0,0,35,0,0,36,0,0,36,0,0,37,0,0,37,0,0,38,0,0,38,0,0,39,0,0,39,0,0,40,0,0,40,0,0,41,0,0,41,0,0,42,0,0,42,0,0,43,0,0,43,0,0,44,0,0,44,0,0,45,0,0,45,0,0,46,0,0,46,0,0,47,0,0,47,0,0,48,0,0,48,0,0,49,0,0,49,0,-3,53,0,0,50,0,0,50,0,-3,54,0,0,51,0,0,51,0,-3,55,0,0,52,0,0,52,0,-3,56,0,8,1,2,5,5,3,5,5,4,5,5,5,5,6,6,5,30,157],[0,0,0,0,0,0,0,0,0,0,0,0,0,0,0,0,0,0,0,0,0,0,0,0,0,0,0,0,0,0,0,0,0,0],[1,1,1,1,3,1,1,1,1,1,1,3,1,1,1,1,1,1,3,1,1,1,1,1,1,1,6,3,6,3,6,3,6,3],[8,9,2,10,0,3,4,5,6,2,11,0,3,4,5,6,2,12,0,3,4,5,6,13,14,15,1,0,1,0,1,0,1,0]],[[{"name":"propbgxz","rect":{"x":0,"y":0,"width":168,"height":172},"offset":{"x":0,"y":0},"originalSize":{"width":168,"height":172},"rotated":false,"capInsets":[0,0,0,0],"vertices":{"rawPosition":[-84,-86,0,84,-86,0,-84,86,0,84,86,0],"indexes":[0,1,2,2,1,3],"uv":[0,172,168,172,0,0,168,0],"nuv":[0,0,1,0,0,1,1,1],"minPos":{"x":-84,"y":-86,"z":0},"maxPos":{"x":84,"y":86,"z":0}},"packable":true,"pixelsToUnit":100,"pivot":{"x":0.5,"y":0.5},"meshType":0}],[3],0,[0],[7],[16]]]]
