[1,["626regElJEcZV6pbEHo1Az","c29E818R1D/puX7THoj/GK@f9941","30cEUldlZH3K+TX9upU+W0@6c48a","e9AnbOY2JKPp6yTDcOKU4s@6c48a","c61Kq5knFCWb+2wh+zn3Jg@f9941","38n1/yjGNGxIiNMf0phOwP","faNfhhk8JM+7+KsfjDW0mK@f9941","e9AnbOY2JKPp6yTDcOKU4s@f9941","30cEUldlZH3K+TX9upU+W0@f9941","cdfUlowBNHq4kMJLmL8Obt@f9941","faNfhhk8JM+7+KsfjDW0mK@6c48a"],["node","_spriteFrame","_textureSource","_defaultClip","root","data","_font"],[["cc.Node",["_name","_layer","_active","_components","_prefab","_parent","_lpos","_children","_lscale"],0,9,4,1,5,2,5],["cc.Sprite",["_sizeMode","_type","_fillRange","_isTrimmedMode","node","__prefab","_spriteFrame","_color"],-1,1,4,6,5],["cc.Widget",["_alignFlags","_top","_originalWidth","_originalHeight","_alignMode","_bottom","_enabled","node","__prefab"],-4,1,4],"cc.SpriteFrame",["cc.UITransform",["node","__prefab","_contentSize","_anchorPoint"],3,1,4,5,5],["cc.Label",["_string","_actualFontSize","_fontSize","_overflow","_isSystemFontUsed","_isBold","node","__prefab","_color","_outlineColor","_font"],-3,1,4,5,5,6],["cc.Prefab",["_name"],2],["cc.CompPrefabInfo",["fileId"],2],["6e08ewpp+dDfJKiZzTsPKh3",["isAddFullWidget","node","__prefab"],2,1,4],["cc.PrefabInfo",["fileId","instance","targetOverrides","nestedPrefabInstanceRoots","root","asset"],-1,1,1],["cc.Animation",["playOnLoad","node","__prefab","_clips","_defaultClip"],2,1,4,3,6],["cc.BlockInputEvents",["node","__prefab"],3,1,4],["cc.LabelOutline",["node","__prefab"],3,1,4]],[[7,0,2],[9,0,1,2,3,4,5,5],[4,0,1,2,1],[0,0,1,5,3,4,6,3],[4,0,1,2,3,1],[1,4,5,6,1],[0,0,1,5,3,4,6,8,3],[2,6,0,1,7,8,4],[1,4,5,7,6,1],[10,0,1,2,3,4,2],[6,0,2],[0,0,1,7,3,4,3],[0,0,2,1,5,7,3,4,6,4],[0,0,1,5,3,4,3],[0,0,2,1,5,3,4,6,8,4],[0,0,2,1,5,3,4,6,4],[8,0,1,2,2],[2,0,2,3,4,7,8,5],[2,0,5,7,8,3],[2,0,1,7,8,3],[1,0,4,5,6,2],[1,1,0,4,5,6,3],[1,1,0,2,3,4,5,6,5],[11,0,1,1],[5,0,1,2,3,6,7,8,9,5],[5,0,1,4,5,6,7,8,10,5],[12,0,1,1]],[[[{"name":"age","rect":{"x":4,"y":6,"width":101,"height":132},"offset":{"x":-1.5,"y":0},"originalSize":{"width":112,"height":144},"rotated":false,"capInsets":[0,0,0,0],"vertices":{"rawPosition":[-50.5,-66,0,50.5,-66,0,-50.5,66,0,50.5,66,0],"indexes":[0,1,2,2,1,3],"uv":[4,138,105,138,4,6,105,6],"nuv":[0.03571428571428571,0.041666666666666664,0.9375,0.041666666666666664,0.03571428571428571,0.9583333333333334,0.9375,0.9583333333333334],"minPos":{"x":-50.5,"y":-66,"z":0},"maxPos":{"x":50.5,"y":66,"z":0}},"packable":true,"pixelsToUnit":100,"pivot":{"x":0.5,"y":0.5},"meshType":0}],[3],0,[0],[2],[2]],[[{"name":"NewProgressBar","rect":{"x":0,"y":0,"width":40,"height":36},"offset":{"x":0,"y":0},"originalSize":{"width":40,"height":36},"rotated":false,"capInsets":[18,0,22,0],"vertices":{"rawPosition":[-20,-18,0,20,-18,0,-20,18,0,20,18,0],"indexes":[0,1,2,2,1,3],"uv":[0,36,40,36,0,0,40,0],"nuv":[0,0,1,0,0,1,1,1],"minPos":{"x":-20,"y":-18,"z":0},"maxPos":{"x":20,"y":18,"z":0}},"packable":true,"pixelsToUnit":100,"pivot":{"x":0.5,"y":0.5},"meshType":0}],[3],0,[0],[2],[3]],[[[10,"loadingView"],[11,"loadingView",33554432,[-5,-6,-7,-8,-9,-10,-11,-12],[[2,-2,[0,"f7BsYEkptCqoUN7ttSYPHu"],[5,720,1333.9999999999998]],[16,true,-3,[0,"d81qhxtQFEfaM8O/towJtV"]],[17,45,750,1443,1,-4,[0,"84YAVBI0RFm4tcL/YdoA4v"]]],[1,"b60LOQZSdAAIZXLX1tHKyF",null,null,null,-1,0]],[12,"helthreport",false,33554432,1,[-16,-17],[[2,-13,[0,"001LO+0dpB1qow6CZHwt/D"],[5,661,148]],[8,-14,[0,"84oSAAQ35NUrBlrRW4nSpu"],[4,4287934904],6],[18,4,57.702999999999975,-15,[0,"85Lh6xnMRJzpXzUOhxjjzQ"]]],[1,"c85IqKGMdESZ2cRnW63FTO",null,null,null,1,0],[1,0,-535.297,0]],[6,"logo2",33554432,1,[[4,-18,[0,"b1cZdtaepPk7Hv/XWB21Gq"],[5,700,670],[0,0.5,0.8]],[8,-19,[0,"baSC7cd2JOuZD2u1JiENnb"],[4,4278190080],7],[7,false,1,153.50699999999995,-20,[0,"a9Yxop7DBFwYxLPdgzQd7X"]],[9,true,-21,[0,"2ccHqc7YBI/pFvIn+w5llm"],[8],9]],[1,"97Wwkkf+ZAVLnP7IdsEBZ+",null,null,null,1,0],[1,9.801,468.924,0],[1,0.72,0.72,1]],[6,"logo3",33554432,1,[[4,-22,[0,"31n55I3ZpA77voVDsIKXWf"],[5,700,670],[0,0.5,0.8]],[5,-23,[0,"08mAfJhUJNCbgm1iFAxoDJ"],10],[7,false,1,38.543999999999926,-24,[0,"d4GFPzEMtHvbeqjLf6wGha"]],[9,true,-25,[0,"38ScfDSklIBIxLs5mZiwq7"],[11],12]],[1,"dfMOOs8mdLWroBRzZUMvGI",null,null,null,1,0],[1,0,482.402,0],[1,0.7,0.7,1]],[13,"BG_Home",33554432,1,[[2,-26,[0,"aeTeqZKCRCYKR5kUDGRvSf"],[5,720,1334]],[20,0,-27,[0,"c1GayNKLBPe5WzJgYHoDH6"],0],[23,-28,[0,"82tiLzl0pH/rQqOi2hsqzE"]]],[1,"ddkph6ONFMjoVC89c/EYUa",null,null,null,1,0]],[14,"logo1",false,33554432,1,[[2,-29,[0,"13lDRH/7pMi4tbQXmQM9Hm"],[5,746,549]],[5,-30,[0,"c1THewk9dFPpzXrUCg3smb"],3],[19,1,99.04399999999993,-31,[0,"d83MGm0QlO9Y+HPbIRUjyp"]]],[1,"acSXfhgotKCpLL8eN+YkQi",null,null,null,1,0],[1,0,348.3560000000001,0],[1,0.8,0.8,1]],[15,"Label",false,33554432,2,[[2,-32,[0,"8532N3ZPNL+Y1ljTC325CX"],[5,700,174.39999999999998]],[24,"该小游戏已接入健康系统，家长可通过成长守护功能进行监督抵制不良游戏，拒绝盗版游戏。注意自我保护，谨防受骗上当适度游戏益脑，沉迷游戏伤身。合理安排时间，享受健康生活开发团队承诺积极履行《网络游戏防沉迷自律公约》",24,24,3,-33,[0,"55MrpZbZJLSZ25IuGM0nJx"],[4,4278190080],[4,4291156186]],[26,-34,[0,"68DkqpZkZNf7vUiWQMbpfq"]]],[1,"c5IrdXKBNKjomTYYfrXZ/a",null,null,null,1,0],[1,0,322.086,0]],[3,"lbPro",33554432,1,[[2,-35,[0,"20RLIjfzFDSIxJZ0tajqMz"],[5,272.23992919921875,50.4]],[25,"Loading... 99.9%",40,false,true,-36,[0,"dcGfjk8NNKpqNEFR/upvjQ"],[4,4287118336],1]],[1,"6endOInG5GEay9tDjFXmUX",null,null,null,1,0],[1,0,-527.989,0]],[3,"L001",33554432,1,[[2,-37,[0,"12wjlNC1VJ/puHEd8+i5+w"],[5,619.2990000000001,50]],[21,1,0,-38,[0,"0bR4v4vUVAz5qIj2p+m7ev"],2]],[1,"a6mf4zo+NBQ7O4pUr9zDtX",null,null,null,1,0],[1,-0.786,-579.21,0]],[3,"spPro",33554432,1,[[4,-39,[0,"63GlVyzrNKu4cuPqhIm3DN"],[5,606.2750000000001,38],[0,0,0.5]],[22,1,0,0.8,false,-40,[0,"edTNe+S5BKTLe/y6+6BS9W"],4]],[1,"78CyvLOPxBVostfpvwSY1L",null,null,null,1,0],[1,-303.497,-579.21,0]],[3,"age",33554432,2,[[2,-41,[0,"0dUxhCVOlGuLwQeq7jGSgc"],[5,101,132]],[5,-42,[0,"54oCwGjQdMoLgQLKsv9GUm"],5]],[1,"5eD29PXOxPR4UjCMhRai08",null,null,null,1,0],[1,0,163.976,0]]],0,[0,4,1,0,0,1,0,0,1,0,0,1,0,-1,5,0,-2,8,0,-3,9,0,-4,6,0,-5,10,0,-6,2,0,-7,3,0,-8,4,0,0,2,0,0,2,0,0,2,0,-1,7,0,-2,11,0,0,3,0,0,3,0,0,3,0,0,3,0,0,4,0,0,4,0,0,4,0,0,4,0,0,5,0,0,5,0,0,5,0,0,6,0,0,6,0,0,6,0,0,7,0,0,7,0,0,7,0,0,8,0,0,8,0,0,9,0,0,9,0,0,10,0,0,10,0,0,11,0,0,11,0,5,1,42],[0,0,0,0,0,0,0,0,0,0,0,0,0],[1,6,1,1,1,1,1,1,-1,3,1,-1,3],[4,5,6,1,7,8,9,1,0,0,1,0,0]],[[{"name":"NewProgressBarBG","rect":{"x":1,"y":0,"width":57,"height":50},"offset":{"x":0.5,"y":0},"originalSize":{"width":58,"height":50},"rotated":false,"capInsets":[25,0,30,0],"vertices":{"rawPosition":[-28.5,-25,0,28.5,-25,0,-28.5,25,0,28.5,25,0],"indexes":[0,1,2,2,1,3],"uv":[1,50,58,50,1,0,58,0],"nuv":[0.017241379310344827,0,1,0,0.017241379310344827,1,1,1],"minPos":{"x":-28.5,"y":-25,"z":0},"maxPos":{"x":28.5,"y":25,"z":0}},"packable":true,"pixelsToUnit":100,"pivot":{"x":0.5,"y":0.5},"meshType":0}],[3],0,[0],[2],[10]]]]
