[1,["af/bnV5c1Nkb2H8KgsB6v4","0788+mCs5JKovsp1FoNwnQ@f9941","0788+mCs5JKovsp1FoNwnQ@6c48a","29y/26j3xFirMe/z5hT8va@6c48a","5ai6KVE6VCwrtIly28p/9r@6c48a","29y/26j3xFirMe/z5hT8va@f9941","5ai6KVE6VCwrtIly28p/9r@f9941"],["node","_file","_spriteFrame","_textureSource","root","data"],[["cc.Node",["_name","_layer","_active","_components","_prefab","_parent","_children","_lscale","_lpos"],0,9,4,1,2,5,5],"cc.SpriteFrame",["cc.UITransform",["node","__prefab","_contentSize"],3,1,4,5],["cc.Prefab",["_name"],2],["cc.CompPrefabInfo",["fileId"],2],["294b8YiupBCuLH2ohWG/5Dn",["node","__prefab"],3,1,4],["cc.PrefabInfo",["fileId","instance","targetOverrides","nestedPrefabInstanceRoots","root","asset"],-1,1,1],["cc.Sprite",["node","__prefab","_spriteFrame"],3,1,4,6],["cc.ParticleSystem2D",["_srcBlendFactor","_dstBlendFactor","emissionRate","life","lifeVar","angle","angleVar","startSize","startSizeVar","endSize","startSpin","startSpinVar","speed","speedVar","tangentialAccel","startRadiusVar","endRadius","_custom","node","__prefab","posVar","gravity","_startColor","_startColorVar","_endColor","_file"],-15,1,4,5,5,5,5,5,6],["cc.ParticleAsset",["_name","_native"],1]],[[4,0,2],[6,0,1,2,3,4,5,5],[2,0,1,2,1],[2,0,1,1],[7,0,1,2,1],[8,0,1,2,3,4,5,6,7,8,9,10,11,12,13,14,15,16,17,18,19,20,21,22,23,24,25,19],[0,0,2,1,5,6,3,4,4],[0,0,1,5,3,4,8,7,3],[3,0,2],[0,0,1,6,3,4,3],[0,0,2,1,5,6,3,4,7,4],[0,0,1,5,3,4,8,3],[5,0,1,1],[9,0,1,3]],[[[{"name":"collect_rocket_blue_right","rect":{"x":0,"y":0,"width":151,"height":82},"offset":{"x":0,"y":0},"originalSize":{"width":151,"height":82},"rotated":false,"capInsets":[0,0,0,0],"vertices":{"rawPosition":[-75.5,-41,0,75.5,-41,0,-75.5,41,0,75.5,41,0],"indexes":[0,1,2,2,1,3],"uv":[0,82,151,82,0,0,151,0],"nuv":[0,0,1,0,0,1,1,1],"minPos":{"x":-75.5,"y":-41,"z":0},"maxPos":{"x":75.5,"y":41,"z":0}},"packable":true,"pixelsToUnit":100,"pivot":{"x":0.5,"y":0.5},"meshType":0}],[1],0,[0],[3],[2]],[[{"name":"collect_rocket_blue_down","rect":{"x":0,"y":0,"width":82,"height":155},"offset":{"x":0,"y":0},"originalSize":{"width":82,"height":155},"rotated":false,"capInsets":[0,0,0,0],"vertices":{"rawPosition":[-41,-77.5,0,41,-77.5,0,-41,77.5,0,41,77.5,0],"indexes":[0,1,2,2,1,3],"uv":[0,155,82,155,0,0,82,0],"nuv":[0,0,1,0,0,1,1,1],"minPos":{"x":-41,"y":-77.5,"z":0},"maxPos":{"x":41,"y":77.5,"z":0}},"packable":true,"pixelsToUnit":100,"pivot":{"x":0.5,"y":0.5},"meshType":0}],[1],0,[0],[3],[3]],[[{"name":"collect_rocket_blue_up","rect":{"x":0,"y":0,"width":82,"height":155},"offset":{"x":0,"y":0},"originalSize":{"width":82,"height":155},"rotated":false,"capInsets":[0,0,0,0],"vertices":{"rawPosition":[-41,-77.5,0,41,-77.5,0,-41,77.5,0,41,77.5,0],"indexes":[0,1,2,2,1,3],"uv":[0,155,82,155,0,0,82,0],"nuv":[0,0,1,0,0,1,1,1],"minPos":{"x":-41,"y":-77.5,"z":0},"maxPos":{"x":41,"y":77.5,"z":0}},"packable":true,"pixelsToUnit":100,"pivot":{"x":0.5,"y":0.5},"meshType":0}],[1],0,[0],[3],[4]],[[[8,"rocket"],[9,"rocket",33554432,[-4,-5,-6,-7],[[2,-2,[0,"afJWpq6WlFro5pRElAPm+K"],[5,82,155]],[12,-3,[0,"75qVUHPSZGe4mxoawTZNw7"]]],[1,"a9ResN94xFBK+BUlQ6i+Fy",null,null,null,-1,0]],[6,"down",false,33554432,1,[-10],[[2,-8,[0,"d5J2qc24RHmJRFQAlYsPoS"],[5,82,155]],[4,-9,[0,"66tgVyrYBLNIYNpSexkAfv"],1]],[1,"d0y9wSZxxBzrDTRe5KEyxE",null,null,null,1,0]],[6,"right",false,33554432,1,[-13],[[2,-11,[0,"f0ImLaBN9JLJkffoYYI6Cy"],[5,151,82]],[4,-12,[0,"dcKNvAlVZD9730kkirsC2O"],3]],[1,"d3RuXJAVdChKvq/vYUc8ab",null,null,null,1,0]],[6,"up",false,33554432,1,[-16],[[2,-14,[0,"3ct0hNoe1OWL9nVzhC8Fty"],[5,82,155]],[4,-15,[0,"d5J8crmjpLXL/eDZglGuay"],5]],[1,"5e+IiMWR1K3JgHAYIfWgF6",null,null,null,1,0]],[10,"left",false,33554432,1,[-19],[[2,-17,[0,"619NuPznVD0qisswMMrGCj"],[5,151,82]],[4,-18,[0,"ceJG6Nks5GWrcEWvLhdoaE"],7]],[1,"ffU5DXi1hP4JK5A1Zxw1gV",null,null,null,1,0],[1,-1,1,1]],[7,"bomb-002",33554432,2,[[3,-20,[0,"b95xP04r5KRrp7MMXlw7H3"]],[5,1,1,350,0.4,0.2,-90,45,3,10,3,50,353,0,5,0,84,80,true,-21,[0,"d7r3ZU6BFNb5UT2tMUcPPp"],[0,16,0],[0,-20,-160],[4,4284940287],[4,422772736],[4,4278190080],0]],[1,"adOW2L149AYJ6Ta9Beld5k",null,null,null,1,0],[1,0,83.27,0],[1,-1,1,1]],[7,"bomb-001",33554432,3,[[3,-22,[0,"c5T7hU9wZE37OjqNhwy9hU"]],[5,1,1,350,0.4,0.2,-90,45,3,10,3,50,353,0,5,0,84,80,true,-23,[0,"ffqr2799NOXIswh9bWA4QX"],[0,16,0],[0,-20,-160],[4,4284940287],[4,422772736],[4,4278190080],2]],[1,"7fiM4zP99EjqLWYXEdg7Da",null,null,null,1,0],[1,-90.125,0,0],[1,-1,1,1]],[7,"bomb-003",33554432,4,[[3,-24,[0,"fccbTVxrlBda05HZvPgAJb"]],[5,1,1,350,0.4,0.2,-90,45,3,10,3,50,353,0,5,0,84,80,true,-25,[0,"edIkFG7S9JYraZuaTblF+F"],[0,16,0],[0,-20,-160],[4,4284940287],[4,422772736],[4,4278190080],4]],[1,"8dJiV5hKND9IYJdimGOAOD",null,null,null,1,0],[1,0,-84.743,0],[1,-1,1,1]],[11,"bomb",33554432,5,[[3,-26,[0,"a0M0udpDZP64F27s+jH5qK"]],[5,1,1,350,0.4,0.2,-90,45,3,10,3,50,353,0,5,0,84,80,true,-27,[0,"98lTIoFFpIPaB8Y5Bi40eJ"],[0,16,0],[0,-20,-160],[4,4284940287],[4,422772736],[4,4278190080],6]],[1,"10JELXEApKkIHNRNx3n9FR",null,null,null,1,0],[1,-85.62,0,0]]],0,[0,4,1,0,0,1,0,0,1,0,-1,2,0,-2,3,0,-3,4,0,-4,5,0,0,2,0,0,2,0,-1,6,0,0,3,0,0,3,0,-1,7,0,0,4,0,0,4,0,-1,8,0,0,5,0,0,5,0,-1,9,0,0,6,0,0,6,0,0,7,0,0,7,0,0,8,0,0,8,0,0,9,0,0,9,0,5,1,27],[0,0,0,0,0,0,0,0],[1,2,1,2,1,2,1,2],[0,5,0,1,0,6,0,1]],[[[13,"streak",".plist"],-1],0,0,[],[],[]]]]
