[1,["626regElJEcZV6pbEHo1Az","eeRRoEbIZJsbSGpswy7wWu","c29E818R1D/puX7THoj/GK@f9941","c61Kq5knFCWb+2wh+zn3Jg@f9941","2bFj9LZ/lP1aKiwytN9XdW@f9941","cdfUlowBNHq4kMJLmL8Obt@f9941","c29E818R1D/puX7THoj/GK@6c48a","cdfUlowBNHq4kMJLmL8Obt@6c48a"],["node","_spriteFrame","_defaultClip","_textureSource","root","data"],[["cc.Node",["_name","_layer","_active","_components","_prefab","_parent","_lpos","_children","_lscale"],0,9,4,1,5,2,5],["cc.Sprite",["_sizeMode","_type","node","__prefab","_spriteFrame","_color"],1,1,4,6,5],["cc.Widget",["_alignFlags","_originalWidth","_originalHeight","_alignMode","_enabled","_top","_bottom","node","__prefab"],-4,1,4],"cc.SpriteFrame",["cc.UITransform",["node","__prefab","_contentSize","_anchorPoint"],3,1,4,5,5],["cc.Label",["_string","_actualFontSize","_fontSize","_lineHeight","_isBold","_enableOutline","node","__prefab","_outlineColor"],-3,1,4,5],["cc.Prefab",["_name"],2],["cc.CompPrefabInfo",["fileId"],2],["1c7dd/F2yRMUo1rAeRarwXC",["node","__prefab"],3,1,4],["cc.PrefabInfo",["fileId","instance","targetOverrides","nestedPrefabInstanceRoots","root","asset"],-1,1,1],["cc.Button",["node","__prefab"],3,1,4],["cc.Animation",["playOnLoad","node","__prefab","_clips","_defaultClip"],2,1,4,3,6],["cc.BlockInputEvents",["node","__prefab"],3,1,4],["cc.LabelOutline",["node","__prefab"],3,1,4]],[[7,0,2],[9,0,1,2,3,4,5,5],[4,0,1,2,1],[11,0,1,2,3,4,2],[0,0,1,5,3,4,6,8,3],[0,0,2,1,5,3,4,6,4],[4,0,1,2,3,1],[2,4,0,5,7,8,4],[1,2,3,5,4,1],[13,0,1,1],[6,0,2],[0,0,1,7,3,4,3],[0,0,1,5,7,3,4,6,3],[0,0,2,1,5,3,4,4],[0,0,1,5,3,4,3],[2,0,1,2,3,7,8,5],[2,0,6,7,8,3],[8,0,1,1],[1,1,0,2,3,4,3],[1,2,3,4,1],[1,0,2,3,4,2],[10,0,1,1],[12,0,1,1],[5,0,1,2,3,4,5,6,7,8,7],[5,0,1,2,3,4,6,7,8,6]],[[[[10,"acrossView"],[11,"acrossView",33554432,[-5,-6,-7,-8,-9,-10],[[2,-2,[0,"9cqNAdze1GnoiWYUlQS2H8"],[5,720,1333.9999999999998]],[15,45,750,1443,1,-3,[0,"80KvUIEDdP3r+m0pQVWaqj"]],[17,-4,[0,"85LZz5YMdKlLrkaRtkVU8u"]]],[1,"dd3UcZ/n9Jo49k26szKDXD",null,null,null,-1,0]],[12,"startBtn",33554432,1,[-15],[[2,-11,[0,"6dHNHB1TJJzLJ9gSf9Vnjb"],[5,300,112]],[18,1,0,-12,[0,"f3rnsMFKVJnpwgkjRBvqWq"],1],[21,-13,[0,"8eLbC7f19ALZVWNaGLFKGz"]],[3,true,-14,[0,"4bJmB5mXpFJodnqrsnvs+I"],[2],3]],[1,"6fzjX/Lp9GHaIh+SmQ5oHy",null,null,null,1,0],[1,0,-563.224,0]],[4,"logo2",33554432,1,[[6,-16,[0,"e2yvTBGL1EfZvPISsca+LQ"],[5,700,670],[0,0.5,0.8]],[8,-17,[0,"07LdDSZsJKULdBzOZeeeCM"],[4,4278190080],5],[7,false,1,153.50699999999995,-18,[0,"be11d113lCtovtT7l18SGU"]],[3,true,-19,[0,"ceWLyzCxZBgZfvMDh014Qp"],[6],7]],[1,"46jgA32J5J26PMC43EkVqC",null,null,null,1,0],[1,9.801,468.924,0],[1,0.72,0.72,1]],[4,"logo3",33554432,1,[[6,-20,[0,"9fndB4setMkqxUGYqzfmYH"],[5,700,670],[0,0.5,0.8]],[19,-21,[0,"afaGBEyYBNN4ehdiu4wDjk"],8],[7,false,1,38.543999999999926,-22,[0,"5bpAFU8FVEv5PJHZtd9qey"]],[3,true,-23,[0,"1cO0c3c7xAFYSWqOJvGbsG"],[9],10]],[1,"65M7Csf2ZAk6f2qXgTylr0",null,null,null,1,0],[1,0,482.402,0],[1,0.7,0.7,1]],[13,"BG_Home",false,33554432,1,[[2,-24,[0,"22m0HL+WFBDaxhhDtASerj"],[5,720,1334]],[20,0,-25,[0,"09enciq25Hmq2HFXqOJ0br"],0],[22,-26,[0,"e9ZUxF8sFCrbCRrbW5bohB"]]],[1,"0dEXPf/0BIdLHox0g2i+sp",null,null,null,1,0]],[14,"Label",33554432,2,[[2,-27,[0,"ae4VlfK+BA9K74r9SUUbn0"],[5,117.916015625,79.6]],[23,"Start",50,50,60,true,true,-28,[0,"e1/ONwtPpIO7DeCcK24g0j"],[4,4282283098]],[9,-29,[0,"abr3suC/FKNrFTAWYo75PE"]]],[1,"2cMrelNX1B7b0PHkX8r4od",null,null,null,1,0]],[5,"Loading",false,33554432,1,[[2,-30,[0,"8aFPaP+ntJToiJrZe04f/9"],[5,348.4091796875,79.6]],[24,"Loading...",50,50,60,true,-31,[0,"169psK7zJHHL3gI0qSjATh"],[4,4282283098]],[9,-32,[0,"1ccU+X/nJIzrpcFufvPvub"]]],[1,"09EhlgSXJDHqxdBtapxl6U",null,null,null,1,0],[1,0,-560.86,0]],[5,"helthreport",false,33554432,1,[[2,-33,[0,"4dK/XMNW9H047qgq1Ie8EE"],[5,661,148]],[8,-34,[0,"50QKYUOjtABqit047xqyHc"],[4,4287934904],4],[16,4,71.01300000000003,-35,[0,"b4+gCVeRRIfakbL0e+L2hX"]]],[1,"1c4ahnN61JMrXL/M7WeUFk",null,null,null,1,0],[1,0,-521.987,0]]],0,[0,4,1,0,0,1,0,0,1,0,0,1,0,-1,5,0,-2,2,0,-3,7,0,-4,8,0,-5,3,0,-6,4,0,0,2,0,0,2,0,0,2,0,0,2,0,-1,6,0,0,3,0,0,3,0,0,3,0,0,3,0,0,4,0,0,4,0,0,4,0,0,4,0,0,5,0,0,5,0,0,5,0,0,6,0,0,6,0,0,6,0,0,7,0,0,7,0,0,7,0,0,8,0,0,8,0,0,8,0,5,1,35],[0,0,0,0,0,0,0,0,0,0,0],[1,1,-1,2,1,1,-1,2,1,-1,2],[3,4,1,1,5,2,0,0,2,0,0]],[[{"name":"logo1","rect":{"x":0,"y":0,"width":700,"height":670},"offset":{"x":0,"y":0},"originalSize":{"width":700,"height":670},"rotated":false,"capInsets":[0,0,0,0],"vertices":{"rawPosition":[-350,-335,0,350,-335,0,-350,335,0,350,335,0],"indexes":[0,1,2,2,1,3],"uv":[0,670,700,670,0,0,700,0],"nuv":[0,0,1,0,0,1,1,1],"minPos":{"x":-350,"y":-335,"z":0},"maxPos":{"x":350,"y":335,"z":0}},"packable":true,"pixelsToUnit":100,"pivot":{"x":0.5,"y":0.5},"meshType":0}],[3],0,[0],[3],[6]],[[{"name":"helthreport","rect":{"x":35,"y":21,"width":661,"height":148},"offset":{"x":5.5,"y":-5},"originalSize":{"width":720,"height":180},"rotated":false,"capInsets":[0,0,0,0],"vertices":{"rawPosition":[-330.5,-74,0,330.5,-74,0,-330.5,74,0,330.5,74,0],"indexes":[0,1,2,2,1,3],"uv":[35,159,696,159,35,11,696,11],"nuv":[0.04861111111111111,0.06111111111111111,0.9666666666666667,0.06111111111111111,0.04861111111111111,0.8833333333333333,0.9666666666666667,0.8833333333333333],"minPos":{"x":-330.5,"y":-74,"z":0},"maxPos":{"x":330.5,"y":74,"z":0}},"packable":true,"pixelsToUnit":100,"pivot":{"x":0.5,"y":0.5},"meshType":0}],[3],0,[0],[3],[7]]]]
