[1,["38n1/yjGNGxIiNMf0phOwP","a9uCTEG41H1ZXc7PwLYtzw","28fyNFO2xJ15S51v8ek54N@f9941","48b/9I+K1BKJov7IDl43gz@f9941","cdQXxJ3KpO2KvoGPysT2yw@f9941","faMBhlGChP9q5cy85gmBUL@f9941","0cti4WWmZPJLgKFpSSK4/V@f9941","2bFj9LZ/lP1aKiwytN9XdW@f9941","0cti4WWmZPJLgKFpSSK4/V@6c48a","28fyNFO2xJ15S51v8ek54N@6c48a","37g1k6foFAhK+CZQXP4ahK@6c48a","48b/9I+K1BKJov7IDl43gz@6c48a","dcgnniaXRCcKC+WneiQIrh@f9941","37g1k6foFAhK+CZQXP4ahK@f9941","dd3bg2hnpKOZNURZdcE9gE@f9941","f1QeJSdNdPDbnWtbyuNAUV@f9941","c5oK+8un9MKKPfVnfVV2wL@f9941","cdQXxJ3KpO2KvoGPysT2yw@6c48a","faMBhlGChP9q5cy85gmBUL@6c48a"],["node","targetInfo","_spriteFrame","_textureSource","_font","root","_parent","asset","data"],[["cc.Node",["_name","_layer","_active","_objFlags","__editorExtras__","_prefab","_components","_children","_lpos","_parent","_lscale","_lrot","_euler"],-2,4,9,2,5,1,5,5,5],["cc.Label",["_string","_actualFontSize","_fontSize","_lineHeight","_cacheMode","_isBold","_isSystemFontUsed","_enableOutline","_outlineWidth","node","__prefab","_outlineColor","_font","_color"],-6,1,4,5,6,5],"cc.SpriteFrame",["cc.UITransform",["node","__prefab","_contentSize","_anchorPoint"],3,1,4,5,5],["cc.Sprite",["_sizeMode","_type","node","__prefab","_spriteFrame"],1,1,4,6],["cc.LabelOutline",["_enabled","node","__prefab"],2,1,4],["cc.Prefab",["_name"],2],["cc.Node",["_name","_active","_layer","_parent","_components","_prefab","_lpos"],0,1,12,4,5],["cc.CompPrefabInfo",["fileId"],2],["cc.Widget",["_alignFlags","_originalWidth","_originalHeight","node","__prefab"],0,1,4],["0f90fAEI/tN8ZvgDVfbMKdZ",["isAddFullWidget","isMask","isPlayOpenAnim","node","__prefab"],0,1,4],["cc.PrefabInfo",["fileId","instance","targetOverrides","root","asset","nestedPrefabInstanceRoots"],0,1,1,2],["cc.PrefabInfo",["fileId","instance","targetOverrides","nestedPrefabInstanceRoots","root","asset"],-1,1,1],["cc.PrefabInfo",["fileId","targetOverrides","nestedPrefabInstanceRoots","root","instance","asset"],0,1,4,6],["cc.Layout",["_resizeMode","_layoutType","_spacingX","node","__prefab"],0,1,4],["cc.Button",["node","__prefab"],3,1,4],["cc.TargetInfo",["localID"],2],["cc.PrefabInstance",["fileId","prefabRootNode","mountedComponents","propertyOverrides"],2,1,9,9],["cc.MountedComponentsInfo",["targetInfo","components"],3,4,2],["CCPropertyOverrideInfo",["value","propertyPath","targetInfo"],1,1],["CCPropertyOverrideInfo",["propertyPath","targetInfo","value"],2,1,8],["CCPropertyOverrideInfo",["propertyPath","targetInfo","value"],2,4,8],["CCPropertyOverrideInfo",["value","propertyPath","targetInfo"],1,4]],[[8,0,2],[12,0,1,2,3,4,5,5],[16,0,2],[3,0,1,2,1],[19,0,1,2,3],[20,0,1,2,2],[22,0,1,2,3],[5,1,2,1],[0,0,1,9,6,5,8,3],[0,0,1,9,7,6,5,8,3],[4,0,2,3,4,2],[0,0,1,9,6,5,3],[4,1,0,2,3,4,3],[15,0,1,1],[0,3,4,9,5,3],[7,0,1,2,3,4,5,6,4],[3,0,1,1],[13,0,1,2,3,4,5,4],[4,2,3,4,1],[1,0,1,2,6,9,10,12,5],[17,0,1,2,3,2],[18,0,1,1],[21,0,1,2,2],[0,0,1,7,6,5,3],[0,0,2,1,7,6,5,8,4],[0,0,1,9,7,6,5,8,11,12,3],[14,0,1,2,3,4,4],[1,0,1,2,3,4,9,10,11,6],[6,0,2],[0,0,1,7,6,5,8,10,3],[0,0,1,9,7,6,5,8,10,3],[0,0,1,7,6,5,8,3],[0,0,1,9,7,6,5,10,3],[0,0,2,1,9,6,5,8,10,4],[3,0,1,2,3,1],[9,0,1,2,3,4,4],[10,0,1,2,3,4,4],[11,0,1,2,3,4,5,4],[1,0,1,2,3,5,4,7,8,9,10,11,9],[1,0,1,2,3,5,4,7,9,10,11,8],[1,0,1,2,3,5,4,8,9,10,11,8],[1,0,1,2,3,6,5,9,10,13,12,7],[1,0,1,2,3,6,9,10,13,12,6],[1,0,1,4,9,10,11,4],[5,0,1,2,2]],[[[{"name":"close","rect":{"x":0,"y":0,"width":39,"height":41},"offset":{"x":0,"y":0},"originalSize":{"width":39,"height":41},"rotated":false,"capInsets":[0,0,0,0],"vertices":{"rawPosition":[-19.5,-20.5,0,19.5,-20.5,0,-19.5,20.5,0,19.5,20.5,0],"indexes":[0,1,2,2,1,3],"uv":[0,41,39,41,0,0,39,0],"nuv":[0,0,1,0,0,1,1,1],"minPos":{"x":-19.5,"y":-20.5,"z":0},"maxPos":{"x":19.5,"y":20.5,"z":0}},"packable":true,"pixelsToUnit":100,"pivot":{"x":0.5,"y":0.5},"meshType":0}],[2],0,[0],[3],[8]],[[{"name":"star","rect":{"x":0,"y":1,"width":220,"height":218},"offset":{"x":-0.5,"y":-0.5},"originalSize":{"width":221,"height":219},"rotated":false,"capInsets":[0,0,0,0],"vertices":{"rawPosition":[-110,-109,0,110,-109,0,-110,109,0,110,109,0],"indexes":[0,1,2,2,1,3],"uv":[0,218,220,218,0,0,220,0],"nuv":[0,0,0.995475113122172,0,0,0.9954337899543378,0.995475113122172,0.9954337899543378],"minPos":{"x":-110,"y":-109,"z":0},"maxPos":{"x":110,"y":109,"z":0}},"packable":true,"pixelsToUnit":100,"pivot":{"x":0.5,"y":0.5},"meshType":0}],[2],0,[0],[3],[9]],[[{"name":"Steps","rect":{"x":0,"y":0,"width":195,"height":195},"offset":{"x":0,"y":0},"originalSize":{"width":195,"height":195},"rotated":false,"capInsets":[0,0,0,0],"vertices":{"rawPosition":[-97.5,-97.5,0,97.5,-97.5,0,-97.5,97.5,0,97.5,97.5,0],"indexes":[0,1,2,2,1,3],"uv":[0,195,195,195,0,0,195,0],"nuv":[0,0,1,0,0,1,1,1],"minPos":{"x":-97.5,"y":-97.5,"z":0},"maxPos":{"x":97.5,"y":97.5,"z":0}},"packable":true,"pixelsToUnit":100,"pivot":{"x":0.5,"y":0.5},"meshType":0}],[2],0,[0],[3],[10]],[[{"name":"starbg","rect":{"x":0,"y":0,"width":172,"height":172},"offset":{"x":0,"y":0},"originalSize":{"width":172,"height":172},"rotated":false,"capInsets":[0,0,0,0],"vertices":{"rawPosition":[-86,-86,0,86,-86,0,-86,86,0,86,86,0],"indexes":[0,1,2,2,1,3],"uv":[0,172,172,172,0,0,172,0],"nuv":[0,0,1,0,0,1,1,1],"minPos":{"x":-86,"y":-86,"z":0},"maxPos":{"x":86,"y":86,"z":0}},"packable":true,"pixelsToUnit":100,"pivot":{"x":0.5,"y":0.5},"meshType":0}],[2],0,[0],[3],[11]],[[[28,"resultView"],[23,"resultView",33554432,[-9],[[3,-6,[0,"87O+T/E9tOtLwwmNSGAxpJ"],[5,720,1334]],[35,45,100,100,-7,[0,"a6SDZgOHtMcrNIV3qlwX+q"]],[36,true,true,true,-8,[0,"70lUiVq0BGUKpOdacRYohy"]]],[37,"33Bw0H2cJAc4RwIYNGPKjV",null,null,-5,0,[-1,-2,-3,-4]]],[29,"win",33554432,[-11,-12,-13,-14,-15],[[16,-10,[0,"d6pW8xb9hGPLHmxeXR4zLc"]]],[1,"7b2p1awilF1IkKgTPAI9fo",null,null,null,1,0],[1,0,124.752,0],[1,0.9,0.9,1]],[30,"target",33554432,2,[-18,-19,-20,-21],[[3,-16,[0,"a3ZUmueHdNGKpoBm/f7M3P"],[5,330,100]],[26,1,1,10,-17,[0,"e6RYm8W/lP1ohsPMBpMDDU"]]],[1,"4aDRiuMFJDjowqMOOuPtBB",null,null,null,1,0],[1,0,-142.935,0],[1,1.2,1.2,1]],[31,"bg",33554432,[-24,-25,-26,-27],[[34,-22,[0,"06xfWngWdM1qaUgrEwr20G"],[5,850,683.96875],[0,0.5,1]],[12,1,0,-23,[0,"bdbf3IsP9C8ZhnsyFHt4g1"],23]],[1,"1bV4DHw1RB+rrYrWcxBjdy",null,null,null,1,0],[1,0,349.775,0]],[23,"continueBtn",33554432,[-31,-32,-33],[[3,-28,[0,"18sfEM4atOE7AVIQye0QSW"],[5,280,114]],[12,1,0,-29,[0,"df74ziuJBLrI0jPKP1WtAi"],28],[13,-30,[0,"d8uzW9CW5LPLDc7jkfKuHO"]]],[1,"b89E9I7LJO676uRta8WhwO",null,null,null,1,0]],[9,"bg",33554432,2,[-36,-37,-38],[[3,-34,[0,"73e8bcnwtOQLh076E/PC3c"],[5,620,759.50475]],[12,1,0,-35,[0,"57JFL50tJKFLtbWtNq43fV"],2]],[1,"dbz03DoyVM2IARuc0HrYYy",null,null,null,1,0],[1,0,-29.752375,0]],[24,"shareBtn",false,33554432,[-42,-43],[[3,-39,[0,"ceVO7bKCtAo7a/PLIs8fU4"],[5,280,114]],[12,1,0,-40,[0,"1dUY2BBkNKybSjULg3jRyi"],26],[13,-41,[0,"basBR5WpBPZor+Jwlaaz2b"]]],[1,"1epqDkf7VM+bCHXaf6lGQ/",null,null,null,1,0],[1,-155,0,0]],[9,"nextBtn",33554432,2,[-47],[[3,-44,[0,"d3POgdbEFNKKxVu5RpZXn+"],[5,300,114]],[12,1,0,-45,[0,"cftwIngwpCyI8+ZdptONBV"],4],[13,-46,[0,"35PZILKddBT4XBlzRerdWu"]]],[1,"1bcjgNEBxPgKjtyV1itXnZ",null,null,null,1,0],[1,0,-298.545,0]],[2,["464mHHzNdEMZ9pjfN7GfBg"]],[2,["464mHHzNdEMZ9pjfN7GfBg"]],[2,["464mHHzNdEMZ9pjfN7GfBg"]],[32,"star",33554432,2,[-49,-50,-51],[[16,-48,[0,"ecdPcmJ+ZEe7w/QhZTkAam"]]],[1,"26xrlEAIROp6lhrK5oleTS",null,null,null,1,0],[1,0.9,0.9,1]],[24,"lose",false,33554432,[4,-53,-54],[[16,-52,[0,"ed08NSj1lOu7CNaeuusMGL"]]],[1,"1fJ8HMjVZHOISecTxqowGZ",null,null,null,1,0],[1,0,100,0]],[9,"btn",33554432,13,[7,5],[[3,-55,[0,"38pwiwwjVPoLIqTgb0Gi0N"],[5,280,100]],[26,1,1,30,-56,[0,"16f4LwmZxGnqHo2qNhuIiX"]]],[1,"c0AbX3dXdIv6CYp5c+kZxa",null,null,null,1,0],[1,0,-209.585,0]],[9,"animNode",33554432,1,[2,13],[[16,-57,[0,"e4dG2x585KNZ+La7OqSxaq"]]],[1,"34K1hTZ2FO75OwpovUKzew",null,null,null,1,0],[1,0,-109,0]],[8,"lbWin",33554432,6,[[3,-58,[0,"46cgsQX0VIm4Yu6fUusxo/"],[5,248.97,88]],[38,"Success",50,50,80,true,2,true,4,-59,[0,"787QhdGchFw7ltSPL6I3nf"],[4,4284111561]],[7,-60,[0,"1fmXnJ76pCn6Hp5UIgyUsW"]]],[1,"40m7/xOR5BmJQvYHZxv8yw",null,null,null,1,0],[1,0,323.536,0]],[9,"guanbiBtn",33554432,2,[-63],[[3,-61,[0,"bagPMlWg1BTI+qFMk5K1D1"],[5,80,80]],[13,-62,[0,"c3s+/SO/FCoocC1GssOBo8"]]],[1,"e4BQRp3dhBz7Kuwxfkkiu8",null,null,null,1,0],[1,231.229,288.57,0]],[11,"Label",33554432,8,[[3,-64,[0,"e59Y3tOP5IgYy/nNsdZPMo"],[5,220.6259765625,67]],[39,"Continue",50,50,50,true,1,true,-65,[0,"acP7KS/8BALL2I95yPNUD4"],[4,4281116766]],[7,-66,[0,"83jW0TYPVKd5oyQLcBSKGq"]]],[1,"aflvLOOgJDZ4c1w54/oCgj",null,null,null,1,0]],[14,0,{},3,[17,"464mHHzNdEMZ9pjfN7GfBg",null,null,-78,[20,"b4dHZr9P9N9qy81g/nmz7K",1,[[21,[2,["98elbqT/xFHYnu8f3rgvlc"]],[-77]]],[[4,"grid",["_name"],-67],[5,["_lpos"],-68,[1,-127.5,0,0]],[5,["_lrot"],-69,[3,0,0,0,1]],[5,["_euler"],-70,[1,0,0,0]],[4,"15",["_string"],-71],[22,["_contentSize"],[2,["2cwPzH8xVGJLRqHZdwu8oh"]],[5,33.93998718261719,54.4]],[4,30,["_fontSize"],-72],[4,30,["_actualFontSize"],-73],[5,["_lpos"],-74,[1,21.434,-38.382,0]],[4,false,["_isBold"],-75],[6,false,["_active"],[2,["6fYuUMd3pESr0tPcj18N6U"]]],[6,false,["_active"],[2,["ceU7e2wlRJ1IMq+yXeG4Fw"]]],[6,false,["_active"],[2,["3b8SObnONAt6xwjqALmI5p"]]],[6,false,["_active"],[2,["95hZnix4xEWZiLWaMJAnMR"]]],[4,false,["_active"],-76]]],5]],[2,["464mHHzNdEMZ9pjfN7GfBg"]],[2,["76uUp7KoNMCLn6P6ZQ21oy"]],[14,0,{},3,[17,"464mHHzNdEMZ9pjfN7GfBg",null,null,-86,[20,"39Mel8kblAcrCNI11IRkkh",1,[[21,[2,["98elbqT/xFHYnu8f3rgvlc"]],[-85]]],[[4,"grid-001",["_name"],9],[5,["_lpos"],9,[1,-42.5,0,0]],[5,["_lrot"],9,[3,0,0,0,1]],[5,["_euler"],9,[1,0,0,0]],[4,"15",["_string"],-79],[22,["_contentSize"],[2,["2cwPzH8xVGJLRqHZdwu8oh"]],[5,33.93998718261719,54.4]],[4,30,["_fontSize"],-80],[4,30,["_actualFontSize"],-81],[5,["_lpos"],-82,[1,21.434,-38.382,0]],[4,false,["_isBold"],-83],[6,false,["_active"],[2,["6fYuUMd3pESr0tPcj18N6U"]]],[6,false,["_active"],[2,["ceU7e2wlRJ1IMq+yXeG4Fw"]]],[6,false,["_active"],[2,["3b8SObnONAt6xwjqALmI5p"]]],[6,false,["_active"],[2,["95hZnix4xEWZiLWaMJAnMR"]]],[4,true,["_active"],9],[4,false,["_active"],-84]]],7]],[2,["76uUp7KoNMCLn6P6ZQ21oy"]],[14,0,{},3,[17,"464mHHzNdEMZ9pjfN7GfBg",null,null,-94,[20,"152w8zsV1Cm5oCCo1mh4be",1,[[21,[2,["98elbqT/xFHYnu8f3rgvlc"]],[-93]]],[[4,"grid-002",["_name"],10],[5,["_lpos"],10,[1,42.5,0,0]],[5,["_lrot"],10,[3,0,0,0,1]],[5,["_euler"],10,[1,0,0,0]],[4,"15",["_string"],-87],[22,["_contentSize"],[2,["2cwPzH8xVGJLRqHZdwu8oh"]],[5,33.93998718261719,54.4]],[4,30,["_fontSize"],-88],[4,30,["_actualFontSize"],-89],[5,["_lpos"],-90,[1,21.434,-38.382,0]],[4,false,["_isBold"],-91],[6,false,["_active"],[2,["6fYuUMd3pESr0tPcj18N6U"]]],[6,false,["_active"],[2,["ceU7e2wlRJ1IMq+yXeG4Fw"]]],[6,false,["_active"],[2,["3b8SObnONAt6xwjqALmI5p"]]],[6,false,["_active"],[2,["95hZnix4xEWZiLWaMJAnMR"]]],[4,true,["_active"],10],[4,false,["_active"],-92]]],9]],[2,["76uUp7KoNMCLn6P6ZQ21oy"]],[14,0,{},3,[17,"464mHHzNdEMZ9pjfN7GfBg",null,null,-102,[20,"91enzEZTROK5r6Ac5QdV2b",1,[[21,[2,["98elbqT/xFHYnu8f3rgvlc"]],[-101]]],[[4,"grid-003",["_name"],11],[5,["_lpos"],11,[1,127.5,0,0]],[5,["_lrot"],11,[3,0,0,0,1]],[5,["_euler"],11,[1,0,0,0]],[4,"15",["_string"],-95],[22,["_contentSize"],[2,["2cwPzH8xVGJLRqHZdwu8oh"]],[5,33.93998718261719,54.4]],[4,30,["_fontSize"],-96],[4,30,["_actualFontSize"],-97],[5,["_lpos"],-98,[1,21.434,-38.382,0]],[4,false,["_isBold"],-99],[6,false,["_active"],[2,["6fYuUMd3pESr0tPcj18N6U"]]],[6,false,["_active"],[2,["ceU7e2wlRJ1IMq+yXeG4Fw"]]],[6,false,["_active"],[2,["3b8SObnONAt6xwjqALmI5p"]]],[6,false,["_active"],[2,["95hZnix4xEWZiLWaMJAnMR"]]],[4,true,["_active"],11],[4,false,["_active"],-100]]],11]],[2,["76uUp7KoNMCLn6P6ZQ21oy"]],[25,"1",33554432,12,[-105],[[3,-103,[0,"98JYQGwkpPwKvfF1hLAMvu"],[5,150,150]],[10,0,-104,[0,"12ggEQoxtEHaheqLJ9Outv"],14]],[1,"36SbNtXfpKhanvD0A/NUzd",null,null,null,1,0],[1,-177.963,43.434,0],[3,0,0,0.17364817766693033,0.984807753012208],[1,0,0,20]],[9,"2",33554432,12,[-108],[[3,-106,[0,"f3r2d1ZEpBh6yrkzGdJ5o/"],[5,150,150]],[10,0,-107,[0,"f2r3GaOBNL3JvYXSxg2/Li"],16]],[1,"1agvZ2lR1KeYRnmRl1+5hZ",null,null,null,1,0],[1,0,99.323,0]],[25,"3",33554432,12,[-111],[[3,-109,[0,"6d4hVUl3pH+Y44ADEshx9a"],[5,150,150]],[10,0,-110,[0,"62bXKdeYZCSJ3q1zAT6c2l"],18]],[1,"7bW07H3wRBObiebQwjkpb4",null,null,null,1,0],[1,177.963,43.434,0],[3,0,0,-0.17364817766693033,0.984807753012208],[1,0,0,-20]],[8,"lbLose",33554432,4,[[3,-112,[0,"42fKv3wflDYZs7kyHX3wmX"],[5,116.57,88]],[40,"Fail",50,50,80,true,2,4,-113,[0,"1dvTsQFkZM2IKoA31Dysmm"],[4,4284111561]],[7,-114,[0,"73YIii3TJKDqx6ucluNfYn"]]],[1,"50YJAAgx1IB4QOmdS6Pxgb",null,null,null,1,0],[1,0,-55.18,0]],[8,"Label-001",33554432,4,[[3,-115,[0,"58z2/ZmlFAGqMCfSaIsuhT"],[5,589.3557739257812,112.99999999999999]],[41,"Spending diamonds can add an additional \n5 steps to continue the challenge",34,34,50,false,true,-116,[0,"bdxcSkLxJC+YsfavpkHlaY"],[4,4278195099],20],[44,false,-117,[0,"6412il/zxLYKz8FiE/JGpH"]]],[1,"3dpkgRy95HHKwesTrLiODh",null,null,null,1,0],[1,3.801,-404.927,0]],[9,"Steps",33554432,4,[-120],[[3,-118,[0,"25xsxjQBpHv49Jh4LPLQsJ"],[5,170,170]],[10,0,-119,[0,"46eFTo2W9Eg6lAkHm6NGZP"],22]],[1,"2eH/5VL0VBK6TyVlPi6e91",null,null,null,1,0],[1,0,-255.54,0]],[8,"Label",33554432,33,[[3,-121,[0,"95KXNjbH9PnI0V5kKLoRHr"],[5,85.27999877929688,130]],[42,"+5",80,80,100,false,-122,[0,"edTclYxLlDI7ku84DRaseg"],[4,4278250495],21],[7,-123,[0,"0dMz55mcBDN4vQ8giAHbJg"]]],[1,"77NH0TSD5AQ5BS/9qUd+KY",null,null,null,1,0],[1,3.801,8.362,0]],[9,"guanbiBtn",33554432,13,[-126],[[3,-124,[0,"2cWgF8tBVBjroO07Z9bWBy"],[5,80,80]],[13,-125,[0,"f4AuXl3IVHMosFGuLBHfMj"]]],[1,"13yGjKw0pE5LpnE0BE8SUZ",null,null,null,1,0],[1,231.229,288.57,0]],[11,"Label",33554432,7,[[3,-127,[0,"39qswjeM9KDoQyQyPrQVkn"],[5,104,67]],[27,"分享",50,50,50,1,-128,[0,"93yaUuDCRJ3aW76H+8g/NW"],[4,4279152045]],[7,-129,[0,"f34FatVDhPqbimg2C72nmP"]]],[1,"14GCTfrUxJj4YRUrGjFmQo",null,null,null,1,0]],[8,"Label",33554432,5,[[3,-130,[0,"ef8Csezh9MR5c9BfLfbPEF"],[5,155.23046875,54.4]],[43,"continue",40,1,-131,[0,"9cRfTCnENNK5ZDX9eSXia/"],[4,4281116766]],[7,-132,[0,"e2VNdx/pFEC5zZYleQzohr"]]],[1,"e5lO3LcLxFFq7dVuCxIW2e",null,null,null,1,0],[1,-36.295,0,0]],[8,"Label-001",33554432,5,[[3,-133,[0,"c4k369wOtHQqhwjVfdV6e8"],[5,37.369140625,67]],[27,"10",30,30,50,1,-134,[0,"13bY7mRcRFmKCVcIM6HJA2"],[4,4281116766]],[7,-135,[0,"d4UXW+iDdFHb4Gn711sw6S"]]],[1,"c6gxP8V6NFT6dvya1787gP",null,null,null,1,0],[1,79.534,-21.883,0]],[8,"dialoguebg",33554432,6,[[3,-136,[0,"e852EGwVRC9q3KgJOfE1Ln"],[5,550,449.797]],[12,1,0,-137,[0,"31U8alc3ZNqKjlgbiA7CSo"],0]],[1,"e3YrJ4IGJFt45vJXcGqxKI",null,null,null,1,0],[1,0,24.361,0]],[8,"line",33554432,6,[[3,-138,[0,"91RrVArj1NkLR/iBWUzotp"],[5,482,7]],[18,-139,[0,"33pOzyUvdEQoc4EPFzxEl0"],1]],[1,"c2WuYys0FJELhJJjMJsCZ2",null,null,null,1,0],[1,0,-27.886,0]],[11,"closeBtn-001",33554432,17,[[3,-140,[0,"8bpYzDtxFM7pUZDw3t32NX"],[5,39,41]],[18,-141,[0,"28GeoraxlNIJ1J24GqY3Ao"],3]],[1,"aahG3p3yJO4Y589fHAqqUA",null,null,null,1,0]],[15,"lb",false,33554432,19,[[[3,-142,[0,"2cwPzH8xVGJLRqHZdwu8oh"],[5,33.93998718261719,54.4]],[19,"15",30,30,false,-143,[0,"76uUp7KoNMCLn6P6ZQ21oy"],6],-144],4,4,1],[1,"98elbqT/xFHYnu8f3rgvlc",null,null,null,1,0],[1,21.434,-38.382,0]],[15,"lb",false,33554432,22,[[[3,-145,[0,"2cwPzH8xVGJLRqHZdwu8oh"],[5,33.93998718261719,54.4]],[19,"15",30,30,false,-146,[0,"76uUp7KoNMCLn6P6ZQ21oy"],8],-147],4,4,1],[1,"98elbqT/xFHYnu8f3rgvlc",null,null,null,1,0],[1,21.434,-38.382,0]],[15,"lb",false,33554432,24,[[[3,-148,[0,"2cwPzH8xVGJLRqHZdwu8oh"],[5,33.93998718261719,54.4]],[19,"15",30,30,false,-149,[0,"76uUp7KoNMCLn6P6ZQ21oy"],10],-150],4,4,1],[1,"98elbqT/xFHYnu8f3rgvlc",null,null,null,1,0],[1,21.434,-38.382,0]],[15,"lb",false,33554432,26,[[[3,-151,[0,"2cwPzH8xVGJLRqHZdwu8oh"],[5,33.93998718261719,54.4]],[19,"15",30,30,false,-152,[0,"76uUp7KoNMCLn6P6ZQ21oy"],12],-153],4,4,1],[1,"98elbqT/xFHYnu8f3rgvlc",null,null,null,1,0],[1,21.434,-38.382,0]],[11,"s",33554432,28,[[3,-154,[0,"7eVIcHitlOYZ87SpZbvbYh"],[5,170,170]],[10,0,-155,[0,"90oETzbkdAupPjLEzspKr6"],13]],[1,"c9CZ/tsVBCNYTCzpNjDlZQ",null,null,null,1,0]],[11,"s",33554432,29,[[3,-156,[0,"d2e1zLMwVFobBmOkicKWl0"],[5,170,170]],[10,0,-157,[0,"93oLwb7zhBlKKz7lMZUXtI"],15]],[1,"2etlw2gU5DQbVLbSzSshLw",null,null,null,1,0]],[11,"s",33554432,30,[[3,-158,[0,"bcXcEkgo1C/ojJGPTnsibN"],[5,170,170]],[10,0,-159,[0,"50vtUWkFVG9r/QM1+sskR7"],17]],[1,"d0En1xdc9H3axz4xPCCw7R",null,null,null,1,0]],[8,"dialoguebg",33554432,4,[[3,-160,[0,"4aI7JOfLRHN6YzIsKGQK5d"],[5,650,328.96900000000005]],[12,1,0,-161,[0,"a7PC3ZEKFIW5dGZynvyV23"],19]],[1,"ceG7x5nWpNa4D5vh/v7UOH",null,null,null,1,0],[1,0,-300.941,0]],[11,"closeBtn-001",33554432,35,[[3,-162,[0,"bcKSZChaBFD7cEVgHIDq8Z"],[5,39,41]],[18,-163,[0,"89vqDV18JBAYTEjdrmgK6k"],24]],[1,"4676ft7FRJQJebH3bchpsu",null,null,null,1,0]],[33,"adv",false,33554432,7,[[3,-164,[0,"b7JwnG0DlEIaoYGEab6NxC"],[5,120,100]],[18,-165,[0,"04FDts/3dJvaqn1879r2mU"],25]],[1,"9e9fILF3VIaYTvBygrVM1B",null,null,null,1,0],[1,87.574,0,0],[1,0.6,0.6,1]],[8,"coin0",33554432,5,[[3,-166,[0,"90agiq4u5DAobVirY9cqWf"],[5,64,64]],[10,0,-167,[0,"57s49g1StFqLD2bzuNNI+l"],27]],[1,"0fHjx9wV9M25yKAOZUYCio",null,null,null,1,0],[1,78.569,10.315,0]],[7,42,[0,"ffrWJXvmFJw66fpY9hg93j"]],[2,["98elbqT/xFHYnu8f3rgvlc"]],[7,43,[0,"ffrWJXvmFJw66fpY9hg93j"]],[2,["98elbqT/xFHYnu8f3rgvlc"]],[7,44,[0,"ffrWJXvmFJw66fpY9hg93j"]],[2,["98elbqT/xFHYnu8f3rgvlc"]],[7,45,[0,"ffrWJXvmFJw66fpY9hg93j"]],[2,["98elbqT/xFHYnu8f3rgvlc"]]],0,[0,-1,26,0,-2,24,0,-3,22,0,-4,19,0,5,1,0,0,1,0,0,1,0,0,1,0,-1,15,0,0,2,0,-1,6,0,-2,17,0,-3,8,0,-4,3,0,-5,12,0,0,3,0,0,3,0,-1,19,0,-2,22,0,-3,24,0,-4,26,0,0,4,0,0,4,0,-1,49,0,-2,31,0,-3,32,0,-4,33,0,0,5,0,0,5,0,0,5,0,-1,37,0,-2,52,0,-3,38,0,0,6,0,0,6,0,-1,39,0,-2,40,0,-3,16,0,0,7,0,0,7,0,0,7,0,-1,36,0,-2,51,0,0,8,0,0,8,0,0,8,0,-1,18,0,0,12,0,-1,28,0,-2,29,0,-3,30,0,0,13,0,-2,35,0,-3,14,0,0,14,0,0,14,0,0,15,0,0,16,0,0,16,0,0,16,0,0,17,0,0,17,0,-1,41,0,0,18,0,0,18,0,0,18,0,1,20,0,1,20,0,1,20,0,1,20,0,1,21,0,1,21,0,1,21,0,1,54,0,1,21,0,1,54,0,-1,53,0,5,19,0,1,23,0,1,23,0,1,23,0,1,56,0,1,23,0,1,56,0,-1,55,0,5,22,0,1,25,0,1,25,0,1,25,0,1,58,0,1,25,0,1,58,0,-1,57,0,5,24,0,1,27,0,1,27,0,1,27,0,1,60,0,1,27,0,1,60,0,-1,59,0,5,26,0,0,28,0,0,28,0,-1,46,0,0,29,0,0,29,0,-1,47,0,0,30,0,0,30,0,-1,48,0,0,31,0,0,31,0,0,31,0,0,32,0,0,32,0,0,32,0,0,33,0,0,33,0,-1,34,0,0,34,0,0,34,0,0,34,0,0,35,0,0,35,0,-1,50,0,0,36,0,0,36,0,0,36,0,0,37,0,0,37,0,0,37,0,0,38,0,0,38,0,0,38,0,0,39,0,0,39,0,0,40,0,0,40,0,0,41,0,0,41,0,0,42,0,0,42,0,-3,53,0,0,43,0,0,43,0,-3,55,0,0,44,0,0,44,0,-3,57,0,0,45,0,0,45,0,-3,59,0,0,46,0,0,46,0,0,47,0,0,47,0,0,48,0,0,48,0,0,49,0,0,49,0,0,50,0,0,50,0,0,51,0,0,51,0,0,52,0,0,52,0,8,1,2,6,15,4,6,13,5,6,14,7,6,14,13,6,15,167],[0,0,0,0,0,0,0,0,0,0,0,0,0,0,0,0,0,0,0,0,0,0,0,0,0,0,0,0,0],[2,2,2,2,2,7,4,7,4,7,4,7,4,2,2,2,2,2,2,2,4,4,2,2,2,2,2,2,2],[4,12,5,6,7,1,0,1,0,1,0,1,0,2,3,2,3,2,3,4,0,0,13,5,6,14,15,16,7]],[[{"name":"dialoguebg","rect":{"x":0,"y":0,"width":172,"height":144},"offset":{"x":0,"y":0},"originalSize":{"width":172,"height":144},"rotated":false,"capInsets":[83,65,89,67],"vertices":{"rawPosition":[-86,-72,0,86,-72,0,-86,72,0,86,72,0],"indexes":[0,1,2,2,1,3],"uv":[0,144,172,144,0,0,172,0],"nuv":[0,0,1,0,0,1,1,1],"minPos":{"x":-86,"y":-72,"z":0},"maxPos":{"x":86,"y":72,"z":0}},"packable":true,"pixelsToUnit":100,"pivot":{"x":0.5,"y":0.5},"meshType":0}],[2],0,[0],[3],[17]],[[{"name":"Panel1","rect":{"x":0,"y":0,"width":188,"height":258},"offset":{"x":0,"y":0},"originalSize":{"width":188,"height":258},"rotated":false,"capInsets":[90,138,91,98],"vertices":{"rawPosition":[-94,-129,0,94,-129,0,-94,129,0,94,129,0],"indexes":[0,1,2,2,1,3],"uv":[0,258,188,258,0,0,188,0],"nuv":[0,0,1,0,0,1,1,1],"minPos":{"x":-94,"y":-129,"z":0},"maxPos":{"x":94,"y":129,"z":0}},"packable":true,"pixelsToUnit":100,"pivot":{"x":0.5,"y":0.5},"meshType":0}],[2],0,[0],[3],[18]]]]
